Date,adj_close,return_1d,next_day_return,target,predicted_direction,prob_up,regime,garch_vol_forecast,position_size,final_position,best_position,strategy_return,strategy_return_net,best_strategy_return,buy_hold_return,cumulative_strategy,cumulative_strategy_net,cumulative_buy_hold,buyhold_position,Buy_Hold_gross_return,Buy_Hold_turnover,Buy_Hold_cost,Buy_Hold_net_return,Buy_Hold_cum_gross,Buy_Hold_cum_net
2025-01-02,5868.5498046875,-0.0022238866412221,0.0125960267214919,1,1,0.6324442,Bear,0.9622205427870196,0.7794470879073789,0.7794470879073789,0.7794470879073789,0.0098179363472703,0.009038489259363,0.0098179363472703,0.0125960267214919,1.0098179363472704,1.0090384892593631,1.012596026721492,1.0,0.0125960267214919,1.0,0.0,0.0125960267214919,1.012596026721492,1.012596026721492
2025-01-03,5942.47021484375,0.0125960267214919,0.0055380450854503,1,0,0.47489393,High_Vol,1.0080211376663135,0.7440320167653799,0.0,0.0,0.0,-0.0007794470879073,0.0,0.0055380450854503,1.0098179363472704,1.0082519971473234,1.0182038291708235,1.0,0.0055380450854503,0.0,0.0,0.0055380450854503,1.0182038291708235,1.0182038291708235
2025-01-06,5975.3798828125,0.0055380450854503,-0.0111039128821078,0,1,0.5301971,Bull,0.947013330117004,0.7919635090113643,0.7919635090113643,0.7919635090113643,-0.0087938938098705,-0.0095858573188819,-0.0087938938098705,-0.0111039128821078,1.0009377046477297,0.9985870373611914,1.006897782555482,1.0,-0.0111039128821078,0.0,0.0,-0.0111039128821078,1.0068977825554821,1.0068977825554821
2025-01-07,5909.02978515625,-0.0111039128821078,0.0015603601909253,1,0,0.44036907,Bull,1.00440272075702,0.7467124336687616,0.0,0.0,0.0,-0.0007919635090113,0.0,0.0015603601909253,1.0009377046477297,0.9977961928670296,1.0084689057717129,1.0,0.0015603601909253,0.0,0.0,0.0015603601909253,1.0084689057717127,1.0084689057717127
2025-01-08,5918.25,0.0015603601909253,-0.0154116438030668,0,0,0.3662527,Bull,0.9252492358506555,0.8105924014197807,0.0,0.0,-0.0,-0.0,-0.0,-0.0154116438030668,1.0009377046477297,0.9977961928670296,0.9929267422094904,1.0,-0.0154116438030668,0.0,0.0,-0.0154116438030668,0.9929267422094905,0.9929267422094905
2025-01-10,5827.0400390625,-0.0154116438030668,0.0015754440882007,1,0,0.32652447,Bull,1.08724073596049,0.6898196279754318,0.0,0.0,0.0,0.0,0.0,0.0015754440882007,1.0009377046477297,0.9977961928670296,0.9944910427755208,1.0,0.0015754440882007,0.0,0.0,0.0015754440882007,0.9944910427755209,0.9944910427755209
2025-01-13,5836.22021484375,0.0015754440882007,0.001146279811244,1,0,0.42384627,Bull,1.0000504746913157,0.7499621458921878,0.0,0.0,0.0,0.0,0.0,0.001146279811244,1.0009377046477297,0.9977961928670296,0.9956310077803175,1.0,0.001146279811244,0.0,0.0,0.001146279811244,0.9956310077803175,0.9956310077803175
2025-01-14,5842.91015625,0.001146279811244,0.0183127922796391,1,1,0.57030326,Bull,0.92133497006673,0.8140361805062923,0.8140361805062923,0.8140361805062923,0.0149072754817225,0.0140932393012162,0.0149072754817225,0.0183127922796391,1.0158589587509563,1.0118583733869473,1.0138637916129662,1.0,0.0183127922796391,0.0,0.0,0.0183127922796391,1.0138637916129662,1.0138637916129662
2025-01-15,5949.91015625,0.0183127922796391,-0.0021126894641922,0,1,0.60357416,Bull,1.109710129404749,0.6758521708748407,0.6758521708748407,0.6758521708748407,-0.0014278657607587,-0.0015660497703901,-0.0014278657607587,-0.0021126894641922,1.014408448525996,1.0102737528136374,1.0117218122622995,1.0,-0.0021126894641922,0.0,0.0,-0.0021126894641922,1.0117218122622995,1.0117218122622995
2025-01-16,5937.33984375,-0.0021126894641922,0.0099910589693537,1,1,0.53754216,Bull,1.028078085746806,0.7295165711612193,0.7295165711612193,0.7295165711612193,0.0072886430815924,0.007234978681306,0.0072886430815924,0.0099910589693537,1.0218021096462535,1.0175830618775272,1.0218299845491936,1.0,0.0099910589693537,0.0,0.0,0.0099910589693537,1.0218299845491936,1.0218299845491936
2025-01-17,5996.66015625,0.0099910589693537,0.0087682271055828,1,1,0.6706844,Bull,1.016637358877934,0.7377261847113089,0.7377261847113089,0.7377261847113089,0.0064685507292838,0.0064603411157337,0.0064685507292838,0.0087682271055828,1.0284116884277898,1.024156995570849,1.0307896219170152,1.0,0.0087682271055828,0.0,0.0,0.0087682271055828,1.0307896219170152,1.0307896219170152
2025-01-21,6049.240234375,0.0087682271055828,0.0061379415222275,1,0,0.4510353,Bull,0.9895995152410842,0.7578823437653832,0.0,0.0,0.0,-0.0007377261847113,0.0,0.0061379415222275,1.0284116884277898,1.023401448137961,1.0371165483380609,1.0,0.0061379415222275,0.0,0.0,0.0061379415222275,1.0371165483380609,1.0371165483380609
2025-01-22,6086.3701171875,0.0061379415222275,0.0053134862204113,1,1,0.696289,Bull,0.936354954055768,0.8009783007516731,0.8009783007516731,0.8009783007516731,0.0042559871638924,0.0034550088631408,0.0042559871638924,0.0053134862204113,1.0327885953729357,1.0269373092118288,1.0426272528266158,1.0,0.0053134862204113,0.0,0.0,0.0053134862204113,1.0426272528266158,1.0426272528266158
2025-01-23,6118.7099609375,0.0053134862204113,-0.0028551323193988,0,0,0.37188426,Bull,0.8821795552096513,0.8501670613096008,0.0,0.0,-0.0,-0.0008009783007516,-0.0,-0.0028551323193988,1.0327885953729357,1.0261147547109175,1.0396504140599845,1.0,-0.0028551323193988,0.0,0.0,-0.0028551323193988,1.0396504140599845,1.0396504140599845
2025-01-24,6101.240234375,-0.0028551323193988,-0.0145807156908095,0,0,0.4612841,Bull,0.8301596741917369,0.9034406552332452,0.0,0.0,-0.0,-0.0,-0.0,-0.0145807156908095,1.0327885953729357,1.0261147547109175,1.0244915669547434,1.0,-0.0145807156908095,0.0,0.0,-0.0145807156908095,1.0244915669547434,1.0244915669547434
2025-01-27,6012.27978515625,-0.0145807156908095,0.0092178694499676,1,0,0.27930996,Bull,0.9983659196358506,0.7512275662149596,0.0,0.0,0.0,0.0,0.0,0.0092178694499676,1.0327885953729357,1.0261147547109175,1.033935196471525,1.0,0.0092178694499676,0.0,0.0,0.0092178694499676,1.033935196471525,1.033935196471525
2025-01-28,6067.7001953125,0.0092178694499676,-0.0046788957603215,0,1,0.55158347,Bull,0.9803162568650636,0.7650592293536087,0.7650592293536087,0.7650592293536087,-0.0035796323846174,-0.004344691613971,-0.0035796323846174,-0.0046788957603215,1.029091591870475,1.021656602541153,1.0290975214643072,1.0,-0.0046788957603215,0.0,0.0,-0.0046788957603215,1.0290975214643072,1.0290975214643072
2025-01-29,6039.31005859375,-0.0046788957603215,0.0052754144053117,1,1,0.82009685,Bull,0.9329583701743468,0.8038943901214409,0.8038943901214409,0.8038943901214409,0.0042408760459959,0.004202040885228,0.0042408760459959,0.0052754144053117,1.0334558417515745,1.0259496453556944,1.0345264373535106,1.0,0.0052754144053117,0.0,0.0,0.0052754144053117,1.0345264373535106,1.0345264373535106
2025-01-30,6071.169921875,0.0052754144053117,-0.0050468257540199,0,1,0.7971968,Bull,0.8791934213622271,0.8530546086638658,0.8530546086638658,0.8530546086638658,-0.0043052179685901,-0.0043543781871325,-0.0043052179685901,-0.0050468257540199,1.029006589091921,1.0214822725988613,1.0293053626862605,1.0,-0.0050468257540199,0.0,0.0,-0.0050468257540199,1.0293053626862605,1.0293053626862605
2025-01-31,6040.52978515625,-0.0050468257540199,-0.0076085976846667,0,1,0.7515476,Bull,0.8491923179246254,0.8831921629165872,0.8831921629165872,0.8831921629165872,-0.0067198538458829,-0.0067499914001356,-0.0067198538458829,-0.0076085976846667,1.0220918152067728,1.014587276043428,1.0214737922869108,1.0,-0.0076085976846667,0.0,0.0,-0.0076085976846667,1.0214737922869108,1.0214737922869108
2025-02-03,5994.56982421875,-0.0076085976846667,0.0072248818286797,1,1,0.598495,Bull,0.8603966551308891,0.8716909759323799,0.8716909759323799,0.8716909759323799,0.0062978642922379,0.0062863631052537,0.0062978642922379,0.0072248818286797,1.0285288107531525,1.0209653400626073,1.0288538197272772,1.0,0.0072248818286797,0.0,0.0,0.0072248818286797,1.0288538197272772,1.0288538197272772
2025-02-04,6037.8798828125,0.0072248818286797,0.0039086729306143,1,1,0.6882808,Bull,0.8362131251083665,0.8969005358565808,0.8969005358565808,0.8969005358565808,0.003505690845956,0.0034804812860318,0.003505690845956,0.0039086729306143,1.0321345147898118,1.0245187908223825,1.0328752728020043,1.0,0.0039086729306143,0.0,0.0,0.0039086729306143,1.0328752728020043,1.0328752728020043
2025-02-05,6061.47998046875,0.0039086729306143,0.0036442987226186,1,1,0.5727631,Bull,0.783573417926574,0.9571534496213346,0.9571534496213346,0.9571534496213346,0.003488153093805,0.0034279001800402,0.003488153093805,0.0036442987226186,1.035734757990799,1.028030738969897,1.036639378839301,1.0,0.0036442987226186,0.0,0.0,0.0036442987226186,1.036639378839301,1.036639378839301
2025-02-06,6083.56982421875,0.0036442987226186,-0.0094647701115428,0,1,0.71969205,Bull,0.7350970076339659,1.0,1.0,1.0,-0.0094647701115428,-0.0095076166619214,-0.0094647701115428,-0.0094647701115428,1.0259317666098815,1.0182566167870994,1.0268278254300145,1.0,-0.0094647701115428,0.0,0.0,-0.0094647701115428,1.0268278254300145,1.0268278254300145
2025-02-07,6025.990234375,-0.0094647701115428,0.0067125410858628,1,1,0.5100696,Bull,0.8056200057081454,0.9309599993619138,0.9309599993619138,0.0,0.0062491072450116,0.0061800672443735,0.0,0.0067125410858628,1.0323429242454911,1.024549511150872,1.0337204493963206,1.0,0.0067125410858628,0.0,0.0,0.0067125410858628,1.0337204493963206,1.0337204493963206
2025-02-10,6066.43994140625,0.0067125410858628,0.0003395827888592,1,1,0.70983815,Bull,0.7829558888296335,0.95790837095702,0.95790837095702,0.95790837095702,0.0003252891960811,0.000298340824486,0.0003252891960811,0.0003395827888592,1.0326787342453991,1.0248551760967557,1.0340714830694275,1.0,0.0003395827888592,0.0,0.0,0.0003395827888592,1.0340714830694275,1.0340714830694275
2025-02-11,6068.5,0.0003395827888592,-0.0027238667143857,0,1,0.67803204,Bull,0.7270068500519298,1.0,1.0,1.0,-0.0027238667143857,-0.0027659583434286,-0.0027238667143857,-0.0027238667143857,1.029865855014534,1.0220204693716248,1.0312548101763992,1.0,-0.0027238667143857,0.0,0.0,-0.0027238667143857,1.0312548101763992,1.0312548101763992
2025-02-12,6051.97021484375,-0.0027238667143857,0.0104262921222306,1,1,0.6873303,Bull,0.6928512402673117,1.0,1.0,1.0,0.0104262921222306,0.0104262921222306,0.0104262921222306,0.0104262921222306,1.0406035372656264,1.0326763533401926,1.042006974079754,1.0,0.0104262921222306,0.0,0.0,0.0104262921222306,1.042006974079754,1.042006974079754
2025-02-13,6115.06982421875,0.0104262921222306,-7.194380749464546e-05,0,1,0.63154745,Bull,0.7527420866227917,0.9963572029895468,0.9963572029895468,0.9963572029895468,-7.168173080778336e-05,-7.532452781823646e-05,-7.168173080778336e-05,-7.194380749464546e-05,1.0405289450029904,1.032598567481488,1.0419320081306027,1.0,-7.194380749464546e-05,0.0,0.0,-7.194380749464546e-05,1.0419320081306027,1.0419320081306027
2025-02-14,6114.6298828125,-7.194380749464546e-05,0.0024449877750611,1,1,0.7628052,Bull,0.700847608966209,1.0,1.0,1.0,0.0024449877750611,0.0024413449780506,0.0024449877750611,0.0024449877750611,1.04307302555312,1.0351194968085515,1.044479519152927,1.0,0.0024449877750611,0.0,0.0,0.0024449877750611,1.044479519152927,1.044479519152927
2025-02-18,6129.580078125,0.0024449877750611,0.0023769693899173,1,0,0.19475639,Bull,0.6558372822195401,1.0,0.0,0.0,0.0,-0.001,0.0,0.0023769693899173,1.04307302555312,1.034084377311743,1.046962214998349,1.0,0.0023769693899173,0.0,0.0,0.0023769693899173,1.046962214998349,1.046962214998349
2025-02-19,6144.14990234375,0.0023769693899173,-0.0043341850761716,0,0,0.45260268,Bull,0.6154279713818008,1.0,0.0,0.0,-0.0,-0.0,-0.0,-0.0043341850761716,1.04307302555312,1.034084377311743,1.0424244869907875,1.0,-0.0043341850761716,0.0,0.0,-0.0043341850761716,1.0424244869907877,1.0424244869907877
2025-02-20,6117.52001953125,-0.0043341850761716,-0.0170641267025635,0,1,0.6579808,Bull,0.6161774762760364,1.0,1.0,1.0,-0.0170641267025635,-0.0180641267025635,-0.0170641267025635,-0.0170641267025635,1.0252738952850553,1.015404546098842,1.024636423466922,1.0,-0.0170641267025635,0.0,0.0,-0.0170641267025635,1.024636423466922,1.024636423466922
2025-02-21,6013.1298828125,-0.0170641267025635,-0.0049691065044024,0,0,0.266044,Bull,0.934726624990694,0.8023736351871509,0.0,0.0,-0.0,-0.001,-0.0,-0.0049691065044024,1.0252738952850553,1.0143891415527433,1.019544895950425,1.0,-0.0049691065044024,0.0,0.0,-0.0049691065044024,1.019544895950425,1.019544895950425
2025-02-24,5983.25,-0.0049691065044024,-0.0046797309154723,0,1,0.50356656,Bull,0.8962626564990505,0.8368082665963386,0.8368082665963386,0.0,-0.0039160375155136,-0.00475284578211,-0.0,-0.0046797309154723,1.0212588842474422,1.009567906399896,1.014773700181134,1.0,-0.0046797309154723,0.0,0.0,-0.0046797309154723,1.0147737001811339,1.0147737001811339
2025-02-25,5955.25,-0.0046797309154723,0.0001360242800469,1,1,0.71104175,Bull,0.8597847281334756,0.872311376858473,0.872311376858473,0.872311376858473,0.0001186555270138,8.315241675175937e-05,0.0001186555270138,0.0001360242800469,1.02138006225857,1.0096518544111883,1.0149117340431115,1.0,0.0001360242800469,0.0,0.0,0.0001360242800469,1.0149117340431117,1.0149117340431117
2025-02-26,5956.06005859375,0.0001360242800469,-0.0158645536555098,0,0,0.47905168,Bull,0.7967221821122293,0.941356996000335,0.0,0.0,-0.0,-0.0008723113768584,-0.0,-0.0158645536555098,1.02138006225857,1.0087711236119192,0.9988106123827784,1.0,-0.0158645536555098,0.0,0.0,-0.0158645536555098,0.9988106123827784,0.9988106123827784
2025-02-27,5861.56982421875,-0.0158645536555098,0.0158541446349889,1,1,0.5867065,Bull,1.0075252001650037,0.7443982541351538,0.7443982541351538,0.7443982541351538,0.0118017975870919,0.0110573993329567,0.0118017975870919,0.0158541446349889,1.033434183012837,1.0199255087612518,1.0146459002944568,1.0,0.0158541446349889,0.0,0.0,0.0158541446349889,1.0146459002944568,1.0146459002944568
2025-02-28,5954.5,0.0158541446349889,-0.0175967394669998,0,1,0.58807117,Bull,1.1114241815565855,0.6748098632779436,0.6748098632779436,0.6748098632779436,-0.0118744533538637,-0.0119440417447209,-0.0118744533538637,-0.0175967394669998,1.021162717012363,1.0077434759081016,0.9967914407357158,1.0,-0.0175967394669998,0.0,0.0,-0.0175967394669998,0.9967914407357158,0.9967914407357158
2025-03-03,5849.72021484375,-0.0175967394669998,-0.0122348266022004,0,1,0.73156005,Bull,1.2753751715727004,0.5880622554970663,0.5880622554970663,0.5880622554970663,-0.0071948397273054,-0.0072815873350863,-0.0071948397273054,-0.0122348266022004,1.0138156149279591,1.0004055037769133,0.9845958702997568,1.0,-0.0122348266022004,0.0,0.0,-0.0122348266022004,0.9845958702997568,0.9845958702997568
2025-03-04,5778.14990234375,-0.0122348266022004,0.0111592778931879,1,1,0.6808353,Bull,1.2898991282450525,0.5814408146940901,0.5814408146940901,0.5814408146940901,0.0064884596296129,0.0064818381888099,0.0064884596296129,0.0111592778931879,1.0203937166172905,1.00688997037559,0.995583249228917,1.0,0.0111592778931879,0.0,0.0,0.0111592778931879,0.995583249228917,0.995583249228917
2025-03-05,5842.6298828125,0.0111592778931879,-0.0178190070857499,0,1,0.8508248,Bull,1.2555186310156217,0.5973627005385858,0.5973627005385858,0.5973627005385858,-0.0106444101936597,-0.0106603320795042,-0.0106444101936597,-0.0178190070857499,1.0095322273385827,0.996156188923864,0.977842944256453,1.0,-0.0178190070857499,0.0,0.0,-0.0178190070857499,0.977842944256453,0.977842944256453
2025-03-06,5738.52001953125,-0.0178190070857499,0.005520617802748,1,1,0.8823277,High_Vol,1.3876473667073292,0.5404831356972435,0.5404831356972435,0.5404831356972435,0.0029838008210152,0.0029269212561739,0.0029838008210152,0.005520617802748,1.012544470427357,0.9990718596476946,0.9832412414228068,1.0,0.005520617802748,0.0,0.0,0.005520617802748,0.9832412414228068,0.9832412414228068
2025-03-07,5770.2001953125,0.005520617802748,-0.0269730913054258,0,1,0.7829538,High_Vol,1.2849518513751084,0.5836794578702521,0.5836794578702521,0.5836794578702521,-0.0157436393102357,-0.0157868356324087,-0.0157436393102357,-0.0269730913054258,0.9966033354993752,0.9832996764144716,0.9567201856426492,1.0,-0.0269730913054258,0.0,0.0,-0.0269730913054258,0.9567201856426492,0.9567201856426492
2025-03-10,5614.56005859375,-0.0269730913054258,-0.0075678653236531,0,1,0.51232666,High_Vol,1.6478121448637977,0.4551489697036991,0.4551489697036991,0.0,-0.003444506104917,-0.0035730365930836,-0.0,-0.0075678653236531,0.9931705292260667,0.9797863106886752,0.9494798561252852,1.0,-0.0075678653236531,0.0,0.0,-0.0075678653236531,0.9494798561252853,0.9494798561252853
2025-03-11,5572.06982421875,-0.0075678653236531,0.0048868699294464,1,1,0.7826937,High_Vol,1.5473250340460185,0.4847074683713122,0.4847074683713122,0.4847074683713122,0.0023687023517618,0.0023391438530942,0.0023687023517618,0.0048868699294464,0.995523054594345,0.9820781718146684,0.9541198406827992,1.0,0.0048868699294464,0.0,0.0,0.0048868699294464,0.9541198406827991,0.9541198406827991
2025-03-12,5599.2998046875,0.0048868699294464,-0.0138909842068353,0,1,0.8796935,High_Vol,1.425397386149347,0.5261690580379795,0.5261690580379795,0.5261690580379795,-0.0073090060753309,-0.0073504676649976,-0.0073090060753309,-0.0138909842068353,0.9882467705401828,0.9748594379682448,0.940866177044446,1.0,-0.0138909842068353,0.0,0.0,-0.0138909842068353,0.9408661770444461,0.9408661770444461
2025-03-13,5521.52001953125,-0.0138909842068353,0.0212658690830878,1,1,0.9061476,High_Vol,1.4417120037908784,0.5202148543037227,0.5202148543037227,0.5202148543037227,0.0110628209867005,0.0110568667829663,0.0110628209867005,0.0212658690830878,0.9991795676533538,0.9856383289059768,0.9608745139901784,1.0,0.0212658690830878,0.0,0.0,0.0212658690830878,0.9608745139901785,0.9608745139901785
2025-03-14,5638.93994140625,0.0212658690830878,0.0064161307191059,1,1,0.7972555,High_Vol,1.5635066597601983,0.4796909532288341,0.4796909532288341,0.4796909532288341,0.0030777598606887,0.0030372359596138,0.0030777598606887,0.0064161307191059,1.0022548024202975,0.9886319450817038,0.9670396104765968,1.0,0.0064161307191059,0.0,0.0,0.0064161307191059,0.9670396104765969,0.9670396104765969
2025-03-17,5675.1201171875,0.0064161307191059,-0.0106535121176365,0,1,0.8696807,High_Vol,1.448839257794831,0.5176557688956596,0.5176557688956596,0.5176557688956596,-0.0055148520066943,-0.0055528168223611,-0.0055148520066943,-0.0106535121176365,0.9967275155119512,0.9831422529859304,0.95673724226815,1.0,-0.0106535121176365,0.0,0.0,-0.0106535121176365,0.9567372422681499,0.9567372422681499
2025-03-18,5614.66015625,-0.0106535121176365,0.0107984955678945,1,1,0.8814615,High_Vol,1.4104030828426417,0.5317628762469725,0.5317628762469725,0.5317628762469725,0.0057422390623237,0.0057281319549724,0.0057422390623237,0.0107984955678945,1.0024509631860168,0.9887738215415428,0.9670685651384222,1.0,0.0107984955678945,0.0,0.0,0.0107984955678945,0.9670685651384222,0.9670685651384222
2025-03-19,5675.2900390625,0.0107984955678945,-0.0021848931523151,0,1,0.7611183,High_Vol,1.3543290944551922,0.5537797298091004,0.5537797298091004,0.5537797298091004,-0.0012099495395508,-0.0012319663931129,-0.0012099495395508,-0.0021848931523151,1.0012380481046876,0.9875556854230138,0.964955623652632,1.0,-0.0021848931523151,0.0,0.0,-0.0021848931523151,0.9649556236526321,0.9649556236526321
2025-03-20,5662.89013671875,-0.0021848931523151,0.0008246534476661,1,1,0.90653634,High_Vol,1.2480540373448166,0.6009355184616798,0.6009355184616798,0.6009355184616798,0.0004955635471244,0.0004484077584718,0.0004955635471244,0.0008246534476661,1.0017342251833223,0.9879985130542804,0.965751377634522,1.0,0.0008246534476661,0.0,0.0,0.0008246534476661,0.9657513776345221,0.9657513776345221
2025-03-21,5667.56005859375,0.0008246534476661,0.0176460001466336,1,1,0.82686454,High_Vol,1.1449255516146983,0.6550644266278,0.6550644266278,0.6550644266278,0.0115592669683286,0.0115051380601624,0.0115592669683286,0.0176460001466336,1.013313538523528,0.9993655723502052,0.9827930265858724,1.0,0.0176460001466336,0.0,0.0,0.0176460001466336,0.9827930265858725,0.9827930265858725
2025-03-24,5767.56982421875,0.0176460001466336,0.0015743334544251,1,1,0.62496126,High_Vol,1.256735995552538,0.5967840522227217,0.5967840522227217,0.5967840522227217,0.0009395370984816,0.0008812567240765,0.0009395370984816,0.0015743334544251,1.0142655841853647,1.0002462699806494,0.9843402705264024,1.0,0.0015743334544251,0.0,0.0,0.0015743334544251,0.9843402705264024,0.9843402705264024
2025-03-25,5776.64990234375,0.0015743334544251,-0.0111569349226271,0,1,0.56766135,High_Vol,1.153480024116898,0.6502063185482544,0.6502063185482544,0.6502063185482544,-0.0072543095823238,-0.0073077318486493,-0.0072543095823238,-0.0111569349226271,1.0069077876389876,0.9929367384570192,0.973358050186418,1.0,-0.0111569349226271,0.0,0.0,-0.0111569349226271,0.9733580501864181,0.9733580501864181
2025-03-26,5712.2001953125,-0.0111569349226271,-0.0033069808607638,0,1,0.5889766,High_Vol,1.170920974120376,0.6405214498471324,0.6405214498471324,0.6405214498471324,-0.0021181921755531,-0.0021278770442542,-0.0021181921755531,-0.0033069808607638,1.0047749634417071,0.9908238911648596,0.9701391737437812,1.0,-0.0033069808607638,0.0,0.0,-0.0033069808607638,0.9701391737437812,0.9701391737437812
2025-03-27,5693.31005859375,-0.0033069808607638,-0.019737220708344,0,1,0.6568387,High_Vol,1.0896531820560746,0.6882923964713428,0.6882923964713428,0.6882923964713428,-0.0135849789410299,-0.0136327498876541,-0.0135849789410299,-0.019737220708344,0.9911251167228774,0.977316236873897,0.9509913227537896,1.0,-0.019737220708344,0.0,0.0,-0.019737220708344,0.9509913227537897,0.9509913227537897
2025-03-28,5580.93994140625,-0.019737220708344,0.0055385215706533,1,1,0.548715,High_Vol,1.314072175062444,0.5707449059747121,0.5707449059747121,0.5707449059747121,0.0031610829730814,0.0030435354825848,0.0031610829730814,0.0055385215706533,0.9942581454535436,0.980290733518529,0.9562584087083658,1.0,0.0055385215706533,0.0,0.0,0.0055385215706533,0.9562584087083658,0.9562584087083658
2025-03-31,5611.85009765625,0.0055385215706533,0.0037812354559083,1,1,0.70353454,High_Vol,1.2203167859454818,0.6145945123740243,0.6145945123740243,0.6145945123740243,0.0023239265611953,0.002280076954796,0.0023239265611953,0.0037812354559083,0.996568728366448,0.9825258718290246,0.9598742469083844,1.0,0.0037812354559083,0.0,0.0,0.0037812354559083,0.9598742469083843,0.9598742469083843
2025-04-01,5633.06982421875,0.0037812354559083,0.0067281947157926,1,1,0.71249825,High_Vol,1.1268681303846917,0.6655614616982415,0.6655614616982415,0.6655614616982415,0.0044780271096333,0.004427060160309,0.0044780271096333,0.0067281947157926,1.0010313901486858,0.986875572972672,0.9663324677442588,1.0,0.0067281947157926,0.0,0.0,0.0067281947157926,0.9663324677442587,0.9663324677442587
2025-04-02,5670.97021484375,0.0067281947157926,-0.0483956333599014,0,1,0.85316616,High_Vol,1.0629233029518457,0.705601239447074,0.705601239447074,0.705601239447074,-0.0341480188825725,-0.0341880586603214,-0.0341480188825725,-0.0483956333599014,0.9668481513358406,0.953136212993444,0.9195661959315388,1.0,-0.0483956333599014,0.0,0.0,-0.0483956333599014,0.9195661959315389,0.9195661959315389
2025-04-03,5396.52001953125,-0.0483956333599014,-0.059749605345531,0,1,0.56065047,High_Vol,2.2388815385764103,0.334988692826011,0.334988692826011,0.334988692826011,-0.0200154421915694,-0.0203860547381905,-0.0200154421915694,-0.059749605345531,0.9474962580547522,0.933705525982408,0.8646224786355382,1.0,-0.059749605345531,0.0,0.0,-0.059749605345531,0.8646224786355382,0.8646224786355382
2025-04-04,5074.080078125,-0.059749605345531,-0.0023314724921273,0,1,0.6943971,High_Vol,3.234449665621286,0.2318787050457738,0.2318787050457738,0.2318787050457738,-0.0005406188223243,-0.0006437288101045,-0.0005406188223243,-0.0023314724921273,0.946984023743566,0.9331044728351792,0.8626066351105245,1.0,-0.0023314724921273,0.0,0.0,-0.0023314724921273,0.8626066351105245,0.8626066351105245
2025-04-07,5062.25,-0.0023314724921273,-0.0157005245629413,0,1,0.8257309,High_Vol,2.9496819474895752,0.2542647015344527,0.2542647015344527,0.2542647015344527,-0.0039920891919306,-0.0040144751884192,-0.0039920891919306,-0.0157005245629413,0.9432035790574484,0.9293585480807794,0.8490632584478155,1.0,-0.0157005245629413,0.0,0.0,-0.0157005245629413,0.8490632584478155,0.8490632584478155
2025-04-08,4982.77001953125,-0.0157005245629413,0.0951538764490484,1,1,0.8952832,High_Vol,2.777603381992111,0.2700169523346765,0.2700169523346765,0.2700169523346765,0.0256931597216023,0.0256774074708021,0.0256931597216023,0.0951538764490484,0.9674374592641584,0.9532220662063228,0.9298549188395856,1.0,0.0951538764490484,0.0,0.0,0.0951538764490484,0.9298549188395855,0.9298549188395855
2025-04-09,5456.89990234375,0.0951538764490484,-0.0346075795847269,0,1,0.62019116,High_Vol,4.639614572633483,0.1616513588054996,0.1616513588054996,0.1616513588054996,-0.0055943622648405,-0.0057027278583697,-0.0055943622648405,-0.0346075795847269,0.9620252636484578,0.9477861001741552,0.8976748907335947,1.0,-0.0346075795847269,0.0,0.0,-0.0346075795847269,0.8976748907335947,0.8976748907335947
2025-04-10,5268.0498046875,-0.0346075795847269,0.0180920952017089,1,1,0.7391774,High_Vol,4.475687881809672,0.1675720067630698,0.1675720067630698,0.1675720067630698,0.0030317286994988,0.0030258080515412,0.0030317286994988,0.0180920952017089,0.9649418632499038,0.950653918987201,0.9139157103169306,1.0,0.0180920952017089,0.0,0.0,0.0180920952017089,0.9139157103169306,0.9139157103169306
2025-04-11,5363.35986328125,0.0180920952017089,0.0079447123908689,1,0,0.49436855,High_Vol,4.13846613260664,0.1812265646179416,0.0,0.0,0.0,-0.000167572006763,0.0,0.0079447123908689,0.9649418632499038,0.950494616002259,0.9211765077848952,1.0,0.0079447123908689,0.0,0.0,0.0079447123908689,0.9211765077848953,0.9211765077848953
2025-04-14,5405.97021484375,0.0079447123908689,-0.0017277808903947,0,1,0.5220472,High_Vol,3.784307895870776,0.1981868337981584,0.1981868337981584,0.1981868337981584,-0.0003424234241642,-0.0005406102579624,-0.0003424234241642,-0.0017277808903947,0.9646114445529704,0.94998076886271,0.919584916618064,1.0,-0.0017277808903947,0.0,0.0,-0.0017277808903947,0.9195849166180641,0.9195849166180641
2025-04-15,5396.6298828125,-0.0017277808903947,-0.0224083715440897,0,1,0.62800545,High_Vol,3.4546322583461206,0.2170998080007094,0.2170998080007094,0.2170998080007094,-0.0048648531598304,-0.0048837661340329,-0.0048648531598304,-0.0224083715440897,0.9599187515189284,0.9453412849557558,0.8989785161401458,1.0,-0.0224083715440897,0.0,0.0,-0.0224083715440897,0.8989785161401458,0.8989785161401458
2025-04-16,5275.7001953125,-0.0224083715440897,0.0013268380955802,1,1,0.80194104,High_Vol,3.295657292031997,0.2275722059491124,0.2275722059491124,0.2275722059491124,0.0003019514723485,0.0002914790744001,0.0003019514723485,0.0013268380955802,0.9602086003992844,0.9456168321584868,0.9001713150824687,1.0,0.0013268380955802,0.0,0.0,0.0013268380955802,0.9001713150824687,0.9001713150824687
2025-04-17,5282.7001953125,0.0013268380955802,-0.0235674930238275,0,1,0.7453642,High_Vol,3.008275447398634,0.2493122764567827,0.2493122764567827,0.2493122764567827,-0.0058756653361497,-0.0058974054066574,-0.0058756653361497,-0.0235674930238275,0.9545667360104456,0.9400401463398892,0.878956533894013,1.0,-0.0235674930238275,0.0,0.0,-0.0235674930238275,0.878956533894013,0.878956533894013
2025-04-21,5158.2001953125,-0.0235674930238275,0.0251172047238952,1,1,0.86141276,High_Vol,2.9250372524456547,0.2564069908418831,0.2564069908418831,0.2564069908418831,0.0064402268816135,0.0064331321672284,0.0064402268816135,0.0251172047238952,0.960714362363994,0.9460875488437944,0.9010334650992342,1.0,0.0251172047238952,0.0,0.0,0.0251172047238952,0.9010334650992342,0.9010334650992342
2025-04-22,5287.759765625,0.0251172047238952,0.01666113847096,1,0,0.4525916,High_Vol,2.8490518850239592,0.2632454691128564,0.0,0.0,0.0,-0.0002564069908418,0.0,0.01666113847096,0.960714362363994,0.9458449653823224,0.9160457084282216,1.0,0.01666113847096,0.0,0.0,0.01666113847096,0.9160457084282215,0.9160457084282215
2025-04-23,5375.85986328125,0.01666113847096,0.0202591137082812,1,1,0.5274875,High_Vol,2.679732812612636,0.2798786492705513,0.2798786492705513,0.2798786492705513,0.0056700933800922,0.0053902147308217,0.0056700933800922,0.0202591137082812,0.9661617025101936,0.9509432728478,0.934603982597252,1.0,0.0202591137082812,0.0,0.0,0.0202591137082812,0.934603982597252,0.934603982597252
2025-04-24,5484.77001953125,0.0202591137082812,0.0073731334699984,1,1,0.57422787,High_Vol,2.5720813722350204,0.2915926409234419,0.2915926409234419,0.2915926409234419,0.0021499514603978,0.0021382374687449,0.0021499514603978,0.0073731334699984,0.9682389032734856,0.952976615384454,0.9414949425025336,1.0,0.0073731334699984,0.0,0.0,0.0073731334699984,0.9414949425025336,0.9414949425025336
2025-04-25,5525.2099609375,0.0073731334699984,0.0006407067039131,1,1,0.66483706,High_Vol,2.361757623684721,0.3175601054395579,0.3175601054395579,0.3175601054395579,0.0002034628884504,0.0001774954239343,0.0002034628884504,0.0006407067039131,0.9684359039574558,0.9531457643728012,0.9420981646238952,1.0,0.0006407067039131,0.0,0.0,0.0006407067039131,0.9420981646238953,0.9420981646238953
2025-04-28,5528.75,0.0006407067039131,0.005802410694099,1,1,0.5852803,High_Vol,2.1532740689585324,0.3483067997761893,0.3483067997761893,0.3483067997761893,0.0020210190998487,0.0019902724055121,0.0020210190998487,0.005802410694099,0.9703931314163332,0.9550427840860632,0.9475646050892,1.0,0.005802410694099,0.0,0.0,0.005802410694099,0.9475646050892,0.9475646050892
2025-04-29,5560.830078125,0.005802410694099,0.0014799913597656,1,1,0.57294905,High_Vol,1.9716579965525247,0.3803905146386375,0.3803905146386375,0.3803905146386375,0.0005629746750019,0.0005308909601395,0.0005629746750019,0.0014799913597656,0.9709394381741164,0.955549807666681,0.9489669925175518,1.0,0.0014799913597656,0.0,0.0,0.0014799913597656,0.9489669925175518,0.9489669925175518
2025-04-30,5569.06005859375,0.0014799913597656,0.0062991021385856,1,1,0.68564755,High_Vol,1.793357974377384,0.4182098670291324,0.4182098670291324,0.4182098670291324,0.0026343466677808,0.0025965273153903,0.0026343466677808,0.0062991021385856,0.9734972292476872,0.9580309188435034,0.9549446325295664,1.0,0.0062991021385856,0.0,0.0,0.0062991021385856,0.9549446325295663,0.9549446325295663
2025-05-01,5604.14013671875,0.0062991021385856,0.0147265741296347,1,1,0.6825066,High_Vol,1.6448126418382092,0.4559789856441127,0.4559789856441127,0.4559789856441127,0.0067150083336436,0.0066772392150286,0.0067150083336436,0.0147265741296347,0.9800342712548644,0.9644279204640152,0.9690076954502096,1.0,0.0147265741296347,0.0,0.0,0.0147265741296347,0.9690076954502097,0.9690076954502097
2025-05-02,5686.669921875,0.0147265741296347,-0.0063815975889338,0,0,0.27187157,High_Vol,1.6083542868549825,0.466315168324368,0.0,0.0,-0.0,-0.0004559789856441,-0.0,-0.0063815975889338,0.9800342712548644,0.9639881615991152,0.9628238782772665,1.0,-0.0063815975889338,0.0,0.0,-0.0063815975889338,0.9628238782772663,0.9628238782772663
2025-05-05,5650.3798828125,-0.0063815975889338,-0.0076932396518555,0,1,0.6859819,High_Vol,1.495414231193377,0.5015332771050881,0.5015332771050881,0.5015332771050881,-0.0038584156941498,-0.0043599489712549,-0.0038584156941498,-0.0076932396518555,0.97625289164185,0.9597852224056492,0.9554166434391504,1.0,-0.0076932396518555,0.0,0.0,-0.0076932396518555,0.9554166434391503,0.9554166434391503
2025-05-06,5606.91015625,-0.0076932396518555,0.0043463562331358,1,1,0.7785133,High_Vol,1.4095453216043916,0.5320864739179333,0.5320864739179333,0.5320864739179333,0.0023126373624804,0.0022820841656676,0.0023126373624804,0.0043463562331358,0.9785106105542906,0.961975533064143,0.9595692245226038,1.0,0.0043463562331358,0.0,0.0,0.0043463562331358,0.9595692245226038,0.9595692245226038
2025-05-07,5631.27978515625,0.0043463562331358,0.0057997750948355,1,1,0.52898407,High_Vol,1.2884642422611,0.582088330743149,0.582088330743149,0.582088330743149,0.0033759814036384,0.0033259795468132,0.0033759814036384,0.0057997750948355,0.9818140441787848,0.9651750440116492,0.9651345102127606,1.0,0.0057997750948355,0.0,0.0,0.0057997750948355,0.9651345102127606,0.9651345102127606
2025-05-08,5663.93994140625,0.0057997750948355,-0.0007114809122162,0,1,0.76875937,High_Vol,1.1886088548013694,0.6309897465178601,0.6309897465178601,0.6309897465178601,-0.0004489371604515,-0.0004978385762263,-0.0004489371604515,-0.0007114809122162,0.9813732713696998,0.9646945426419292,0.9644478354310232,1.0,-0.0007114809122162,0.0,0.0,-0.0007114809122162,0.9644478354310232,0.9644478354310232
2025-05-09,5659.91015625,-0.0007114809122162,0.0325587827490083,1,1,0.71946144,High_Vol,1.080452045375645,0.694153899018484,0.694153899018484,0.694153899018484,0.0226008059925198,0.0225376418400192,0.0226008059925198,0.0325587827490083,1.0035530982821708,0.986436482729014,0.9958490829775732,1.0,0.0325587827490083,0.0,0.0,0.0325587827490083,0.9958490829775732,0.9958490829775732
2025-05-12,5844.18994140625,0.0325587827490083,0.0072482009835321,1,0,0.37089437,High_Vol,1.6651282998648274,0.4504157427754269,0.0,0.0,0.0,-0.0006941538990184,0.0,0.0072482009835321,1.0035530982821708,0.9857517439983936,1.003067197280261,1.0,0.0072482009835321,0.0,0.0,0.0072482009835321,1.003067197280261,1.003067197280261
2025-05-13,5886.5498046875,0.0072482009835321,0.0010244155978598,1,0,0.08335349,High_Vol,1.543601853010743,0.485876586982032,0.0,0.0,0.0,0.0,0.0,0.0010244155978598,1.0035530982821708,0.9857517439983936,1.0040947549628565,1.0,0.0010244155978598,0.0,0.0,0.0010244155978598,1.0040947549628563,1.0040947549628563
2025-05-14,5892.580078125,0.0010244155978598,0.0041323320741357,1,0,0.15082027,High_Vol,1.4109227607481405,0.5315670147686279,0.0,0.0,0.0,0.0,0.0,0.0041323320741357,1.0035530982821708,0.9857517439983936,1.0082440079242607,1.0,0.0041323320741357,0.0,0.0,0.0041323320741357,1.0082440079242607,1.0082440079242607
2025-05-15,5916.93017578125,0.0041323320741357,0.0070052722948985,1,0,0.212006,High_Vol,1.2968443026989338,0.5783269421310899,0.0,0.0,0.0,0.0,0.0,0.0070052722948985,1.0035530982821708,0.9857517439983936,1.01530703173947,1.0,0.0070052722948985,0.0,0.0,0.0070052722948985,1.0153070317394701,1.0153070317394701
2025-05-16,5958.3798828125,0.0070052722948985,0.0008761131291423,1,0,0.19163856,High_Vol,1.212952979216508,0.6183257000485322,0.0,0.0,0.0,0.0,0.0,0.0008761131291423,1.0035530982821708,0.9857517439983936,1.0161965555600876,1.0,0.0008761131291423,0.0,0.0,0.0008761131291423,1.0161965555600876,1.0161965555600876
2025-05-19,5963.60009765625,0.0008761131291423,-0.0038802294486252,0,0,0.24717578,Bull,1.1097201294857195,0.6758460805316512,0.0,0.0,-0.0,-0.0,-0.0,-0.0038802294486252,1.0035530982821708,0.9857517439983936,1.012253479759612,1.0,-0.0038802294486252,0.0,0.0,-0.0038802294486252,1.0122534797596119,1.0122534797596119
2025-05-20,5940.4599609375,-0.0038802294486252,-0.0161351306610142,0,0,0.47958604,Bull,1.0364375656237603,0.7236325900138777,0.0,0.0,-0.0,-0.0,-0.0,-0.0161351306610142,1.0035530982821708,0.9857517439983936,0.9959206376016242,1.0,-0.0161351306610142,0.0,0.0,-0.0161351306610142,0.9959206376016242,0.9959206376016242
2025-05-21,5844.60986328125,-0.0161351306610142,-0.0004448710379429,0,0,0.116543315,Bull,1.1922722153745884,0.6290509753801189,0.0,0.0,-0.0,-0.0,-0.0,-0.0004448710379429,1.0035530982821708,0.9857517439983936,0.9954775813538655,1.0,-0.0004448710379429,0.0,0.0,-0.0004448710379429,0.9954775813538657,0.9954775813538657
2025-05-22,5842.009765625,-0.0004448710379429,-0.0067082978253216,0,0,0.2737294,Bull,1.0943708511130004,0.6853252708962714,0.0,0.0,-0.0,-0.0,-0.0,-0.0067082978253216,1.0035530982821708,0.9857517439983936,0.9887996212597132,1.0,-0.0067082978253216,0.0,0.0,-0.0067082978253216,0.9887996212597131,0.9887996212597131
2025-05-23,5802.81982421875,-0.0067082978253216,0.0204590558452733,1,1,0.5461866,Bull,1.0540456703298329,0.7115441210107238,0.7115441210107238,0.7115441210107238,0.0145575209081343,0.0138459767871235,0.0145575209081343,0.0204590558452733,1.0181623434928364,0.999400439763662,1.0090295279308508,1.0,0.0204590558452733,0.0,0.0,0.0204590558452733,1.0090295279308508,1.0090295279308508
2025-05-27,5921.5400390625,0.0204590558452733,-0.0055712254172688,0,0,0.28197795,Bull,1.2635311243987042,0.5935746144416616,0.0,0.0,-0.0,-0.0007115441210107,-0.0,-0.0055712254172688,1.0181623434928364,0.9986893222562124,1.0034079969780676,1.0,-0.0055712254172688,0.0,0.0,-0.0055712254172688,1.0034079969780676,1.0034079969780676
2025-05-28,5888.5498046875,-0.0055712254172688,0.0040111942619043,1,0,0.40569794,Bull,1.189368485073068,0.6305867436481842,0.0,0.0,0.0,0.0,0.0,0.0040111942619043,1.0181623434928364,0.9986893222562124,1.007432861377895,1.0,0.0040111942619043,0.0,0.0,0.0040111942619043,1.007432861377895,1.007432861377895
2025-05-29,5912.169921875,0.0040111942619043,-8.118516130162234e-05,0,0,0.1945313,Bull,1.0984487410031816,0.6827810638801831,0.0,0.0,-0.0,-0.0,-0.0,-8.118516130162234e-05,1.0181623434928364,0.9986893222562124,1.0073510727785433,1.0,-8.118516130162234e-05,0.0,0.0,-8.118516130162234e-05,1.0073510727785433,1.0073510727785433
2025-05-30,5911.68994140625,-8.118516130162234e-05,0.0041020419271569,1,0,0.36135328,Bull,1.0097080136012409,0.7427889943400944,0.0,0.0,0.0,0.0,0.0,0.0041020419271569,1.0181623434928364,0.9986893222562124,1.0114832691144473,1.0,0.0041020419271569,0.0,0.0,0.0041020419271569,1.0114832691144473,1.0114832691144473
2025-06-02,5935.93994140625,0.0041020419271569,0.0058002904546055,1,0,0.26288122,Bull,0.93761347744932,0.7999031776295463,0.0,0.0,0.0,0.0,0.0,0.0058002904546055,1.0181623434928364,0.9986893222562124,1.017350165865285,1.0,0.0058002904546055,0.0,0.0,0.0058002904546055,1.017350165865285,1.017350165865285
2025-06-03,5970.3701171875,0.0058002904546055,7.36874595066439e-05,1,0,0.1834006,Bull,0.8866532652032093,0.8458774466116806,0.0,0.0,0.0,0.0,0.0,7.36874595066439e-05,1.0181623434928364,0.9986893222562124,1.0174251318144365,1.0,7.36874595066439e-05,0.0,0.0,7.36874595066439e-05,1.0174251318144363,1.0174251318144363
2025-06-04,5970.81005859375,7.36874595066439e-05,-0.0052773834030941,0,0,0.17314512,Bull,0.8179484675717359,0.9169281803614644,0.0,0.0,-0.0,-0.0,-0.0,-0.0052773834030941,1.0181623434928364,0.9986893222562124,1.0120557893099078,1.0,-0.0052773834030941,0.0,0.0,-0.0052773834030941,1.0120557893099078,1.0120557893099078
2025-06-05,5939.2998046875,-0.0052773834030941,0.0102806830100679,1,0,0.20753755,Bull,0.7998575294733818,0.9376669873868568,0.0,0.0,0.0,0.0,0.0,0.0102806830100679,1.0181623434928364,0.9986893222562124,1.0224604140683071,1.0,0.0102806830100679,0.0,0.0,0.0102806830100679,1.0224604140683071,1.0224604140683071
2025-06-06,6000.35986328125,0.0102806830100679,0.0009199480792858,1,0,0.360481,Bull,0.8366554519008695,0.8964263584203156,0.0,0.0,0.0,0.0,0.0,0.0009199480792858,1.0181623434928364,0.9986893222562124,1.023401024562375,1.0,0.0009199480792858,0.0,0.0,0.0009199480792858,1.023401024562375,1.023401024562375
2025-06-09,6005.8798828125,0.0009199480792858,0.0054829894076784,1,0,0.20424208,Bull,0.7729032453933641,0.970367254206951,0.0,0.0,0.0,0.0,0.0,0.0054829894076784,1.0181623434928364,0.9986893222562124,1.029012321539858,1.0,0.0054829894076784,0.0,0.0,0.0054829894076784,1.0290123215398579,1.0290123215398579
2025-06-10,6038.81005859375,0.0054829894076784,-0.0027438889546078,0,0,0.13187134,Bull,0.7403253171994045,1.0,0.0,0.0,-0.0,-0.0,-0.0,-0.0027438889546078,1.0181623434928364,0.9986893222562124,1.0261888259966294,1.0,-0.0027438889546078,0.0,0.0,-0.0027438889546078,1.0261888259966294,1.0261888259966294
2025-06-11,6022.240234375,-0.0027438889546078,0.0038224199557175,1,0,0.17618689,Bull,0.7040092410402919,1.0,0.0,0.0,0.0,0.0,0.0,0.0038224199557175,1.0181623434928364,0.9986893222562124,1.0301113506434534,1.0,0.0038224199557175,0.0,0.0,0.0038224199557175,1.0301113506434534,1.0301113506434534
2025-06-12,6045.259765625,0.0038224199557175,-0.0112963798792506,0,0,0.24480326,Bull,0.6650315324246491,1.0,0.0,0.0,-0.0,-0.0,-0.0,-0.0112963798792506,1.0181623434928364,0.9986893222562124,1.018474821508657,1.0,-0.0112963798792506,0.0,0.0,-0.0112963798792506,1.018474821508657,1.018474821508657
2025-06-13,5976.97021484375,-0.0112963798792506,0.0093926598961591,1,0,0.09722537,Bull,0.8046818640706679,0.9320453628791296,0.0,0.0,0.0,0.0,0.0,0.0093926598961591,1.0181623434928364,0.9986893222562124,1.028041009119889,1.0,0.0093926598961591,0.0,0.0,0.0093926598961591,1.028041009119889,1.028041009119889
2025-06-16,6033.10986328125,0.0093926598961591,-0.0083521847901663,0,0,0.18122996,Bull,0.8233773336893292,0.910882494954597,0.0,0.0,-0.0,-0.0,-0.0,-0.0083521847901663,1.0181623434928364,0.9986893222562124,1.0194546206398507,1.0,-0.0083521847901663,0.0,0.0,-0.0083521847901663,1.0194546206398507,1.0194546206398507
2025-06-17,5982.72021484375,-0.0083521847901663,-0.000309240210107,0,0,0.32744998,Bull,0.8544211211406008,0.8777872894794492,0.0,0.0,-0.0,-0.0,-0.0,-0.000309240210107,1.0181623434928364,0.9986893222562124,1.0191393642787694,1.0,-0.000309240210107,0.0,0.0,-0.000309240210107,1.0191393642787694,1.0191393642787694
2025-06-18,5980.8701171875,-0.000309240210107,-0.0021786584865058,0,0,0.20346408,Bull,0.7911049878601544,0.9480410457639276,0.0,0.0,-0.0,-0.0,-0.0,-0.0021786584865058,1.0181623434928364,0.9986893222562124,1.0169190076538512,1.0,-0.0021786584865058,0.0,0.0,-0.0021786584865058,1.0169190076538512,1.0169190076538512
2025-06-20,5967.83984375,-0.0021786584865058,0.0096065041331563,1,1,0.50230265,Bull,0.744228297564117,1.0,1.0,0.0,0.0096065041331563,0.0086065041331563,0.0,0.0096065041331563,1.0279433242538245,1.0072845460359496,1.0266880443039632,1.0,0.0096065041331563,0.0,0.0,0.0096065041331563,1.0266880443039632,1.0266880443039632
2025-06-23,6025.169921875,0.0096065041331563,0.0111217201797018,1,0,0.34297013,Bull,0.7790559088909103,0.9627036923033224,0.0,0.0,0.0,-0.001,0.0,0.0111217201797018,1.0279433242538245,1.0062772614899136,1.0381065814445571,1.0,0.0111217201797018,0.0,0.0,0.0111217201797018,1.0381065814445571,1.0381065814445571
2025-06-24,6092.18017578125,0.0111217201797018,-3.2861029504172024e-06,0,0,0.41484487,Bull,0.8365863579964358,0.8965003945273458,0.0,0.0,-0.0,-0.0,-0.0,-3.2861029504172024e-06,1.0279433242538245,1.0062772614899136,1.038103170119457,1.0,-3.2861029504172024e-06,0.0,0.0,-3.2861029504172024e-06,1.038103170119457,1.038103170119457
2025-06-25,6092.16015625,-3.2861029504172024e-06,0.0080201212752302,1,0,0.408277,Bull,0.7744771065513317,0.9683953129869444,0.0,0.0,0.0,0.0,0.0,0.0080201212752302,1.0279433242538245,1.0062772614899136,1.046428883440016,1.0,0.0080201212752302,0.0,0.0,0.0080201212752302,1.046428883440016,1.046428883440016
2025-06-26,6141.02001953125,0.0080201212752302,0.0052189708852221,1,0,0.29294646,Bull,0.7755093422520644,0.9671063379095012,0.0,0.0,0.0,0.0,0.0,0.0052189708852221,1.0279433242538245,1.0062772614899136,1.051890165316145,1.0,0.0052189708852221,0.0,0.0,0.0052189708852221,1.051890165316145,1.051890165316145
2025-06-27,6173.06982421875,0.0052189708852221,0.0051644274245326,1,1,0.52762556,Bull,0.7401591519669672,1.0,1.0,1.0,0.0051644274245326,0.0041644274245326,0.0051644274245326,0.0051644274245326,1.0332520629484665,1.0104678301143457,1.0573225757335,1.0,0.0051644274245326,0.0,0.0,0.0051644274245326,1.0573225757334999,1.0573225757334999
2025-06-30,6204.9501953125,0.0051644274245326,-0.0011185310871218,0,0,0.18060322,Bull,0.7089539025691801,1.0,0.0,0.0,-0.0,-0.001,-0.0,-0.0011185310871218,1.0332520629484665,1.009457362284231,1.0561399275634262,1.0,-0.0011185310871218,0.0,0.0,-0.0011185310871218,1.0561399275634262,1.0561399275634262
2025-07-01,6198.009765625,-0.0011185310871218,0.004745096791088,1,1,0.74905896,Bull,0.6651689397651376,1.0,1.0,1.0,0.004745096791088,0.0037450967910879,0.004745096791088,0.004745096791088,1.038154943996748,1.013237877812462,1.0611514137446474,1.0,0.004745096791088,0.0,0.0,0.004745096791088,1.0611514137446474,1.0611514137446474
2025-07-02,6227.419921875,0.004745096791088,0.0083389552066073,1,0,0.34132555,Bull,0.6399654578066317,1.0,0.0,0.0,0.0,-0.001,0.0,0.0083389552066073,1.038154943996748,1.0122246399346495,1.070000307851292,1.0,0.0083389552066073,0.0,0.0,0.0083389552066073,1.070000307851292,1.070000307851292
2025-07-03,6279.35009765625,0.0083389552066073,-0.0078622972791287,0,0,0.19744202,Bull,0.6720609601269683,1.0,0.0,0.0,-0.0,-0.0,-0.0,-0.0078622972791287,1.038154943996748,1.0122246399346495,1.061587647342206,1.0,-0.0078622972791287,0.0,0.0,-0.0078622972791287,1.0615876473422061,1.0615876473422061
2025-07-07,6229.97998046875,-0.0078622972791287,-0.0007158868810946,0,1,0.608551,Bull,0.7266045756431695,1.0,1.0,1.0,-0.0007158868810946,-0.0017158868810945,-0.0007158868810946,-0.0007158868810946,1.0374117424917977,1.010487776954265,1.0608276706723418,1.0,-0.0007158868810946,0.0,0.0,-0.0007158868810946,1.0608276706723418,1.0608276706723418
2025-07-08,6225.52001953125,-0.0007158868810946,0.0060621034026635,1,0,0.4720268,Bull,0.6788787527469867,1.0,0.0,0.0,0.0,-0.001,0.0,0.0060621034026635,1.0374117424917977,1.0094772891773107,1.0672585177043643,1.0,0.0060621034026635,0.0,0.0,0.0060621034026635,1.0672585177043643,1.0672585177043643
2025-07-09,6263.259765625,0.0060621034026635,0.0027462050044453,1,0,0.41514298,Bull,0.6671657412836787,1.0,0.0,0.0,0.0,0.0,0.0,0.0027462050044453,1.0374117424917977,1.0094772891773107,1.070189428386721,1.0,0.0027462050044453,0.0,0.0,0.0027462050044453,1.070189428386721,1.070189428386721
2025-07-10,6280.4599609375,0.0027462050044453,-0.0032975229626984,0,0,0.3090886,Bull,0.6267207573541591,1.0,0.0,0.0,-0.0,-0.0,-0.0,-0.0032975229626984,1.0374117424917977,1.0094772891773107,1.0666604541721787,1.0,-0.0032975229626984,0.0,0.0,-0.0032975229626984,1.0666604541721787,1.0666604541721787
2025-07-11,6259.75,-0.0032975229626984,0.0014074138094573,1,1,0.50906026,Bull,0.6128613142477656,1.0,1.0,0.0,0.0014074138094573,0.0004074138094572,0.0,0.0014074138094573,1.0388718101042735,1.009888564165255,1.0681616868253827,1.0,0.0014074138094573,0.0,0.0,0.0014074138094573,1.0681616868253827,1.0681616868253827
2025-07-14,6268.56005859375,0.0014074138094573,-0.0039562982147312,0,0,0.21122482,Bull,0.5745152130555665,1.0,0.0,0.0,-0.0,-0.001,-0.0,-0.0039562982147312,1.0388718101042735,1.00887867560109,1.0639357206507511,1.0,-0.0039562982147312,0.0,0.0,-0.0039562982147312,1.0639357206507511,1.0639357206507511
2025-07-15,6243.759765625,-0.0039562982147312,0.0031936574173276,1,0,0.46310434,Bull,0.5780129816918811,1.0,0.0,0.0,0.0,0.0,0.0,0.0031936574173276,1.0388718101042735,1.00887867560109,1.067333566856567,1.0,0.0031936574173276,0.0,0.0,0.0031936574173276,1.0673335668565673,1.0673335668565673
2025-07-16,6263.7001953125,0.0031936574173276,0.0053737674089093,1,0,0.4407006,Bull,0.5512697769678172,1.0,0.0,0.0,0.0,0.0,0.0,0.0053737674089093,1.0388718101042735,1.00887867560109,1.0730691691925762,1.0,0.0053737674089093,0.0,0.0,0.0053737674089093,1.0730691691925762,1.0730691691925762
2025-07-17,6297.35986328125,0.0053737674089093,-9.048620868445932e-05,0,0,0.3841627,Bull,0.5512807078736986,1.0,0.0,0.0,-0.0,-0.0,-0.0,-9.048620868445932e-05,1.0388718101042735,1.00887867560109,1.0729720712317998,1.0,-9.048620868445932e-05,0.0,0.0,-9.048620868445932e-05,1.0729720712317998,1.0729720712317998
2025-07-18,6296.7900390625,-9.048620868445932e-05,0.0013991348828683,1,0,0.3988772,Bull,0.5217079869737938,1.0,0.0,0.0,0.0,0.0,0.0,0.0013991348828683,1.0388718101042735,1.00887867560109,1.0744733038850038,1.0,0.0013991348828683,0.0,0.0,0.0013991348828683,1.0744733038850038,1.0744733038850038
2025-07-21,6305.60009765625,0.0013991348828683,0.0006375316336257,1,1,0.5262018,Bull,0.4940211491084531,1.0,1.0,1.0,0.0006375316336257,-0.0003624683663743,0.0006375316336257,0.0006375316336257,1.039534123746497,1.008512988995675,1.0751583146057169,1.0,0.0006375316336257,0.0,0.0,0.0006375316336257,1.0751583146057169,1.0751583146057169
2025-07-22,6309.6201171875,0.0006375316336257,0.0078118869515191,1,0,0.24091882,Bull,0.4695810325505473,1.0,0.0,0.0,0.0,-0.001,0.0,0.0078118869515191,1.039534123746497,1.0075044760066794,1.0835573298144026,1.0,0.0078118869515191,0.0,0.0,0.0078118869515191,1.0835573298144026,1.0835573298144026
2025-07-23,6358.91015625,0.0078118869515191,0.0006982236416543,1,0,0.16729426,Bull,0.5318995319740935,1.0,0.0,0.0,0.0,0.0,0.0,0.0006982236416543,1.039534123746497,1.0075044760066794,1.0843138951591669,1.0,0.0006982236416543,0.0,0.0,0.0006982236416543,1.0843138951591669,1.0843138951591669
2025-07-24,6363.35009765625,0.0006982236416543,0.0039743277792958,1,0,0.40562445,Bull,0.5028165618686552,1.0,0.0,0.0,0.0,0.0,0.0,0.0039743277792958,1.039534123746497,1.0075044760066794,1.0886233139941743,1.0,0.0039743277792958,0.0,0.0,0.0039743277792958,1.0886233139941743,1.0886233139941743
2025-07-25,6388.64013671875,0.0039743277792958,0.0001768581088181,1,0,0.27333528,Bull,0.4932457411303251,1.0,0.0,0.0,0.0,0.0,0.0,0.0001768581088181,1.039534123746497,1.0075044760066794,1.0888158458547028,1.0,0.0001768581088181,0.0,0.0,0.0001768581088181,1.0888158458547028,1.0888158458547028
2025-07-28,6389.77001953125,0.0001768581088181,-0.0029594423887242,0,0,0.3112926,Bull,0.469935935093326,1.0,0.0,0.0,-0.0,-0.0,-0.0,-0.0029594423887242,1.039534123746497,1.0075044760066794,1.0855935580869658,1.0,-0.0029594423887242,0.0,0.0,-0.0029594423887242,1.0855935580869658,1.0855935580869658
2025-07-29,6370.85986328125,-0.0029594423887242,-0.0012494327466496,0,0,0.20626892,Bull,0.4779295446860938,1.0,0.0,0.0,-0.0,-0.0,-0.0,-0.0012494327466496,1.039534123746497,1.0075044760066794,1.0842371819459402,1.0,-0.0012494327466496,0.0,0.0,-0.0012494327466496,1.0842371819459402,1.0842371819459402
2025-07-30,6362.89990234375,-0.0012494327466496,-0.003694819341153,0,0,0.28767622,Bull,0.4647775010147397,1.0,0.0,0.0,-0.0,-0.0,-0.0,-0.003694819341153,1.039534123746497,1.0075044760066794,1.0802311214356892,1.0,-0.003694819341153,0.0,0.0,-0.003694819341153,1.0802311214356892,1.0802311214356892
2025-07-31,6339.39013671875,-0.003694819341153,-0.0159921331401484,0,0,0.32736772,Bull,0.4850382845577618,1.0,0.0,0.0,-0.0,-0.0,-0.0,-0.0159921331401484,1.039534123746497,1.0075044760066794,1.062955921519558,1.0,-0.0159921331401484,0.0,0.0,-0.0159921331401484,1.0629559215195579,1.0629559215195579
2025-08-01,6238.009765625,-0.0159921331401484,0.014737100330916,1,0,0.3004199,Bull,0.8457453154692157,0.8867917874116789,0.0,0.0,0.0,0.0,0.0,0.014737100330916,1.039534123746497,1.0075044760066794,1.0786208095823329,1.0,0.014737100330916,0.0,0.0,0.014737100330916,1.0786208095823329,1.0786208095823329
2025-08-04,6329.93994140625,0.014737100330916,-0.0048578659963033,0,1,0.5606577,Bull,0.9723658211215191,0.7713146469247096,0.7713146469247096,0.7713146469247096,-0.0037469431957462,-0.0045182578426709,-0.0037469431957462,-0.0048578659963033,1.035639048434779,1.0029523110064362,1.0733810142285576,1.0,-0.0048578659963033,0.0,0.0,-0.0048578659963033,1.0733810142285576,1.0733810142285576
2025-08-05,6299.18994140625,-0.0048578659963033,0.0072819072950924,1,1,0.5571629,Bull,0.926383109359756,0.8096002533102548,0.8096002533102548,0.8096002533102548,0.0058954339906885,0.005857148384303,0.0058954339906885,0.0072819072950924,1.041744590083006,1.0088267515143805,1.0811972752664822,1.0,0.0072819072950924,0.0,0.0,0.0072819072950924,1.0811972752664822,1.0811972752664822
2025-08-06,6345.06005859375,0.0072819072950924,-0.0007974800154801,0,0,0.33170283,Bull,0.8927656353282183,0.8400860991073748,0.0,0.0,-0.0,-0.0008096002533102,-0.0,-0.0007974800154801,1.041744590083006,1.0080100051208083,1.0803350420466655,1.0,-0.0007974800154801,0.0,0.0,-0.0007974800154801,1.0803350420466657,1.0803350420466657
2025-08-07,6340.0,-0.0007974800154801,0.0077997153489748,1,1,0.58560896,Bull,0.8260954403986467,0.9078854128986288,0.9078854128986288,0.9078854128986288,0.0070812477900957,0.0061733623771971,0.0070812477900957,0.0077997153489748,1.0491214416593757,1.0142328161622594,1.0887613478561524,1.0,0.0077997153489748,0.0,0.0,0.0077997153489748,1.0887613478561524,1.0887613478561524
2025-08-08,6389.4501953125,0.0077997153489748,-0.0025041278217863,0,1,0.5965847,Bull,0.8149119414173104,0.920344839585472,0.920344839585472,0.920344839585472,-0.0023046611184434,-0.0023171205451302,-0.0023046611184434,-0.0025041278217863,1.046703572264258,1.0118827164663844,1.0860349502737003,1.0,-0.0025041278217863,0.0,0.0,-0.0025041278217863,1.0860349502737003,1.0860349502737003
2025-08-11,6373.4501953125,-0.0025041278217863,0.0113454358466127,1,0,0.37400258,Bull,0.7674145560066717,0.9773074984434876,0.0,0.0,0.0,-0.0009203448395854,0.0,0.0113454358466127,1.046703572264258,1.0109514354300189,1.0983564901292098,1.0,0.0113454358466127,0.0,0.0,0.0113454358466127,1.0983564901292098,1.0983564901292098
2025-08-12,6445.759765625,0.0113454358466127,0.0032300788824048,1,0,0.43825513,Bull,0.8323931416613276,0.9010165539123932,0.0,0.0,0.0,0.0,0.0,0.0032300788824048,1.046703572264258,1.0109514354300189,1.1019042682333284,1.0,0.0032300788824048,0.0,0.0,0.0032300788824048,1.1019042682333284,1.1019042682333284
2025-08-13,6466.580078125,0.0032300788824048,0.0003030908012924,1,0,0.3930239,Bull,0.7748538108379527,0.967924516224454,0.0,0.0,0.0,0.0,0.0,0.0003030908012924,1.046703572264258,1.0109514354300189,1.1022382452809347,1.0,0.0003030908012924,0.0,0.0,0.0003030908012924,1.1022382452809347,1.1022382452809347
2025-08-14,6468.5400390625,0.0003030908012924,-0.0028971350972291,0,0,0.32040745,Bull,0.7185176801967429,1.0,0.0,0.0,-0.0,-0.0,-0.0,-0.0028971350972291,1.046703572264258,1.0109514354300189,1.0990449121750232,1.0,-0.0028971350972291,0.0,0.0,-0.0028971350972291,1.0990449121750232,1.0990449121750232
2025-08-15,6449.7998046875,-0.0028971350972291,-0.0001007631807854,0,0,0.4588706,Bull,0.6870703393158087,1.0,0.0,0.0,-0.0,-0.0,-0.0,-0.0001007631807854,1.046703572264258,1.0109514354300189,1.0989341689138463,1.0,-0.0001007631807854,0.0,0.0,-0.0001007631807854,1.0989341689138463,1.0989341689138463
2025-08-18,6449.14990234375,-0.0001007631807854,-0.0058581031187567,0,0,0.34157377,Bull,0.6414279264329382,1.0,0.0,0.0,-0.0,-0.0,-0.0,-0.0058581031187567,1.046703572264258,1.0109514354300189,1.092496499231624,1.0,-0.0058581031187567,0.0,0.0,-0.0058581031187567,1.092496499231624,1.092496499231624
2025-08-19,6411.3701171875,-0.0058581031187567,-0.0024316693228262,0,0,0.4799307,Bull,0.6636263033169396,1.0,0.0,0.0,-0.0,-0.0,-0.0,-0.0024316693228262,1.046703572264258,1.0109514354300189,1.0898399090091473,1.0,-0.0024316693228262,0.0,0.0,-0.0024316693228262,1.0898399090091473,1.0898399090091473
2025-08-20,6395.77978515625,-0.0024316693228262,-0.0040041815293089,0,1,0.81075203,Bull,0.6350617712114167,1.0,1.0,1.0,-0.0040041815293089,-0.0050041815293089,-0.0040041815293089,-0.0040041815293089,1.0425123811535355,1.0058924509298115,1.0854759921755892,1.0,-0.0040041815293089,0.0,0.0,-0.0040041815293089,1.0854759921755892,1.0854759921755892
2025-08-21,6370.169921875,-0.0040041815293089,0.0151864448768934,1,1,0.6191325,Bull,0.6288089557317899,1.0,1.0,1.0,0.0151864448768934,0.0151864448768934,0.0151864448768934,0.0151864448768934,1.0583444379634028,1.0211683811879406,1.1019605134959551,1.0,0.0151864448768934,0.0,0.0,0.0151864448768934,1.1019605134959551,1.1019605134959551
2025-08-22,6466.91015625,0.0151864448768934,-0.0042663855480634,0,1,0.6588514,Bull,0.8347472075418156,0.8984756022228798,0.8984756022228798,0.8984756022228798,-0.0038332433246112,-0.0039347677223883,-0.0038332433246112,-0.0042663855480634,1.0542875462114405,1.0171503208025188,1.0972591250866397,1.0,-0.0042663855480634,0.0,0.0,-0.0042663855480634,1.0972591250866395,1.0972591250866395
2025-08-25,6439.31982421875,-0.0042663855480634,0.0041339951911349,1,1,0.6191656,Bull,0.801679073899706,0.9355364564422056,0.9355364564422056,0.9355364564422056,0.0038675032120634,0.0038304423578441,0.0038675032120634,0.0041339951911349,1.0583650066828514,1.0210464564756154,1.1017951890331767,1.0,0.0041339951911349,0.0,0.0,0.0041339951911349,1.1017951890331767,1.1017951890331767
2025-08-26,6465.93994140625,0.0041339951911349,0.0023909843081744,1,0,0.48040718,Bull,0.7535599532808065,0.9952758194416949,0.0,0.0,0.0,-0.0009355364564422,0.0,0.0023909843081744,1.0583650066828514,1.0200912302918614,1.1044295640409771,1.0,0.0023909843081744,0.0,0.0,0.0023909843081744,1.1044295640409771,1.1044295640409771
2025-08-27,6481.39990234375,0.0023909843081744,0.0031567194195349,1,1,0.53417706,Bull,0.7017212068870174,1.0,1.0,1.0,0.0031567194195349,0.0021567194195349,0.0031567194195349,0.0031567194195349,1.0617059680524037,1.0222912808579292,1.107915938293294,1.0,0.0031567194195349,0.0,0.0,0.0031567194195349,1.107915938293294,1.107915938293294
2025-08-28,6501.85986328125,0.0031567194195349,-0.0063981842935716,0,1,0.53589296,Bull,0.6593957693635628,1.0,1.0,1.0,-0.0063981842935716,-0.0063981842935716,-0.0063981842935716,-0.0063981842935716,1.0549129776032191,1.0157504728412887,1.100827287938308,1.0,-0.0063981842935716,0.0,0.0,-0.0063981842935716,1.100827287938308,1.100827287938308
2025-08-29,6460.259765625,-0.0063981842935716,-0.0069222799368615,0,0,0.43824345,Bull,0.6875313101941483,1.0,0.0,0.0,-0.0,-0.001,-0.0,-0.0069222799368615,1.0549129776032191,1.0147347223684475,1.0932070532890632,1.0,-0.0069222799368615,0.0,0.0,-0.0069222799368615,1.0932070532890632,1.0932070532890632
2025-09-02,6415.5400390625,-0.0069222799368615,0.0051000736279842,1,1,0.5407263,Bull,0.7194358044860619,1.0,1.0,1.0,0.0051000736279842,0.0041000736279842,0.0051000736279842,0.0051000736279842,1.060293111460112,1.01889520944303,1.098782489751469,1.0,0.0051000736279842,0.0,0.0,0.0051000736279842,1.098782489751469,1.098782489751469
2025-09-03,6448.259765625,0.0051000736279842,0.0083464864096993,1,1,0.54451686,Bull,0.6905635480968277,1.0,1.0,1.0,0.0083464864096993,0.0083464864096993,0.0083464864096993,0.0083464864096993,1.0691428335052116,1.0273994044615542,1.1079534628693954,1.0,0.0083464864096993,0.0,0.0,0.0083464864096993,1.1079534628693954,1.1079534628693954
2025-09-04,6502.080078125,0.0083464864096993,-0.0031651529783888,0,0,0.3775961,Bull,0.7123464182651058,1.0,0.0,0.0,-0.0,-0.001,-0.0,-0.0031651529783888,1.0691428335052116,1.0263720050570926,1.1044466206664785,1.0,-0.0031651529783888,0.0,0.0,-0.0031651529783888,1.1044466206664783,1.1044466206664783
2025-09-05,6481.5,-0.0031651529783888,0.0021059789159529,1,1,0.5774433,Bull,0.6845065225975187,1.0,1.0,1.0,0.0021059789159529,0.0011059789159529,0.0021059789159529,0.0021059789159529,1.0713944257707158,1.02750715085461,1.1067725619633977,1.0,0.0021059789159529,0.0,0.0,0.0021059789159529,1.1067725619633975,1.1067725619633975
2025-09-08,6495.14990234375,0.0021059789159529,0.0026881536531127,1,0,0.33224523,Bull,0.6396437925843469,1.0,0.0,0.0,0.0,-0.001,0.0,0.0026881536531127,1.0713944257707158,1.0264796437037556,1.1097477366690045,1.0,0.0026881536531127,0.0,0.0,0.0026881536531127,1.1097477366690043,1.1097477366690043
2025-09-09,6512.60986328125,0.0026881536531127,0.0029834699435626,1,0,0.3102981,Bull,0.6023142204110765,1.0,0.0,0.0,0.0,0.0,0.0,0.0029834699435626,1.0713944257707158,1.0264796437037556,1.113058635686293,1.0,0.0029834699435626,0.0,0.0,0.0029834699435626,1.113058635686293,1.113058635686293
2025-09-10,6532.0400390625,0.0029834699435626,0.0084858903879598,1,0,0.2335486,Bull,0.5711353102322461,1.0,0.0,0.0,0.0,0.0,0.0,0.0084858903879598,1.0713944257707158,1.0264796437037556,1.122503929264099,1.0,0.0084858903879598,0.0,0.0,0.0084858903879598,1.122503929264099,1.122503929264099
2025-09-11,6587.47021484375,0.0084858903879598,-0.0004827613146674,0,0,0.37825766,Bull,0.6214992632220075,1.0,0.0,0.0,-0.0,-0.0,-0.0,-0.0004827613146674,1.0713944257707158,1.0264796437037556,1.121962027791488,1.0,-0.0004827613146674,0.0,0.0,-0.0004827613146674,1.1219620277914881,1.1219620277914881
2025-09-12,6584.2900390625,-0.0004827613146674,0.0047066192269626,1,1,0.670209,Bull,0.5852404666280945,1.0,1.0,1.0,0.0047066192269626,0.0037066192269626,0.0047066192269626,0.0047066192269626,1.076437071374709,1.0302844128871935,1.1272426758434135,1.0,0.0047066192269626,0.0,0.0,0.0047066192269626,1.1272426758434135,1.1272426758434135
2025-09-15,6615.27978515625,0.0047066192269626,-0.0012879303382402,0,0,0.24689241,Bull,0.5712843818935829,1.0,0.0,0.0,-0.0,-0.001,-0.0,-0.0012879303382402,1.076437071374709,1.0292541284743064,1.125790865802636,1.0,-0.0012879303382402,0.0,0.0,-0.0012879303382402,1.1257908658026359,1.1257908658026359
2025-09-16,6606.759765625,-0.0012879303382402,-0.0009701681605103,0,0,0.13365327,Bull,0.5459321101350839,1.0,0.0,0.0,-0.0,-0.0,-0.0,-0.0009701681605103,1.076437071374709,1.0292541284743064,1.1246986593492407,1.0,-0.0009701681605103,0.0,0.0,-0.0009701681605103,1.1246986593492407,1.1246986593492407
2025-09-17,6600.35009765625,-0.0009701681605103,0.0047891191851283,1,1,0.50293875,Bull,0.5216873354475844,1.0,1.0,0.0,0.0047891191851283,0.0037891191851283,0.0,0.0047891191851283,1.0815922568048129,1.033154095038881,1.1300849752762183,1.0,0.0047891191851283,0.0,0.0,0.0047891191851283,1.1300849752762183,1.1300849752762183
2025-09-18,6631.9599609375,0.0047891191851283,0.0048854188708296,1,0,0.2296125,Bull,0.5188226929449541,1.0,0.0,0.0,0.0,-0.001,0.0,0.0048854188708296,1.0815922568048129,1.032120940943842,1.1356059137400738,1.0,0.0048854188708296,0.0,0.0,0.0048854188708296,1.1356059137400738,1.1356059137400738
2025-09-19,6664.35986328125,0.0048854188708296,0.004410046474333,1,0,0.32824767,Bull,0.5175921908667231,1.0,0.0,0.0,0.0,0.0,0.0,0.004410046474333,1.0815922568048129,1.032120940943842,1.140613988596195,1.0,0.004410046474333,0.0,0.0,0.004410046474333,1.140613988596195,1.140613988596195
2025-09-22,6693.75,0.004410046474333,-0.0055021591970121,0,0,0.055033233,Bull,0.5105924976626794,1.0,0.0,0.0,-0.0,-0.0,-0.0,-0.0055021591970121,1.0815922568048129,1.032120940943842,1.1343381488485995,1.0,-0.0055021591970121,0.0,0.0,-0.0055021591970121,1.1343381488485997,1.1343381488485997
2025-09-23,6656.919921875,-0.0055021591970121,-0.0028466178433332,0,0,0.1453335,Bull,0.5548219064200305,1.0,0.0,0.0,-0.0,-0.0,-0.0,-0.0028466178433332,1.0815922568048129,1.032120940943842,1.1311091216337137,1.0,-0.0028466178433332,0.0,0.0,-0.0028466178433332,1.1311091216337137,1.1311091216337137
2025-09-24,6637.97021484375,-0.0028466178433332,-0.0050090613431266,0,0,0.23323505,Bull,0.5468297505768462,1.0,0.0,0.0,-0.0,-0.0,-0.0,-0.0050090613431266,1.0815922568048129,1.032120940943842,1.1254433266576804,1.0,-0.0050090613431266,0.0,0.0,-0.0050090613431266,1.1254433266576804,1.1254433266576804
2025-09-25,6604.72021484375,-0.0050090613431266,0.0059018367471712,1,0,0.14225665,Bull,0.5730017821755651,1.0,0.0,0.0,0.0,0.0,0.0,0.0059018367471712,1.0815922568048129,1.032120940943842,1.1320855094398077,1.0,0.0059018367471712,0.0,0.0,0.0059018367471712,1.1320855094398075,1.1320855094398075
2025-09-26,6643.7001953125,0.0059018367471712,0.0026355442163621,1,0,0.28902847,Bull,0.5766969724295361,1.0,0.0,0.0,0.0,0.0,0.0,0.0026355442163621,1.0815922568048129,1.032120940943842,1.135069170856639,1.0,0.0026355442163621,0.0,0.0,0.0026355442163621,1.135069170856639,1.135069170856639
2025-09-29,6661.2099609375,0.0026355442163621,0.0040908483833717,1,0,0.08712185,Bull,0.5466723216288849,1.0,0.0,0.0,0.0,0.0,0.0,0.0040908483833717,1.0815922568048129,1.032120940943842,1.139712566739253,1.0,0.0040908483833717,0.0,0.0,0.0040908483833717,1.139712566739253,1.139712566739253
2025-09-30,6688.4599609375,0.0040908483833717,0.0033999208349619,1,0,0.42654395,Bull,0.5318556986917405,1.0,0.0,0.0,0.0,0.0,0.0,0.0033999208349619,1.0815922568048129,1.032120940943842,1.1435874992407775,1.0,0.0033999208349619,0.0,0.0,0.0033999208349619,1.1435874992407777,1.1435874992407777
2025-10-01,6711.2001953125,0.0033999208349619,0.0006183547238911,1,0,0.2987496,Bull,0.5127888403867398,1.0,0.0,0.0,0.0,0.0,0.0,0.0006183547238911,1.0815922568048129,1.032120940943842,1.144294641973116,1.0,0.0006183547238911,0.0,0.0,0.0006183547238911,1.1442946419731161,1.1442946419731161
2025-10-02,6715.35009765625,0.0006183547238911,6.551280273581206e-05,1,0,0.17326134,Bull,0.4863477806591819,1.0,0.0,0.0,0.0,0.0,0.0,6.551280273581206e-05,1.0815922568048129,1.032120940943842,1.1443696079222674,1.0,6.551280273581206e-05,0.0,0.0,6.551280273581206e-05,1.1443696079222674,1.1443696079222674
2025-10-03,6715.7900390625,6.551280273581206e-05,0.0036465919796933,1,0,0.32440615,Bull,0.4644858453637721,1.0,0.0,0.0,0.0,0.0,0.0,0.0036465919796933,1.0815922568048129,1.032120940943842,1.1485426569563215,1.0,0.0036465919796933,0.0,0.0,0.0036465919796933,1.1485426569563215,1.1485426569563215
2025-10-06,6740.27978515625,0.0036465919796933,-0.0038114057910215,0,0,0.24184008,Bull,0.457452648180128,1.0,0.0,0.0,-0.0,-0.0,-0.0,-0.0038114057910215,1.0815922568048129,1.032120940943842,1.144165094822363,1.0,-0.0038114057910215,0.0,0.0,-0.0038114057910215,1.144165094822363,1.144165094822363
2025-10-07,6714.58984375,-0.0038114057910215,0.005827663640568,1,0,0.2560083,Bull,0.4816421912870624,1.0,0.0,0.0,0.0,0.0,0.0,0.005827663640568,1.0815922568048129,1.032120940943842,1.1508329041442664,1.0,0.005827663640568,0.0,0.0,0.005827663640568,1.1508329041442664,1.1508329041442664
2025-10-08,6753.72021484375,0.005827663640568,-0.0027555704071953,0,0,0.3190424,Bull,0.5013330324098495,1.0,0.0,0.0,-0.0,-0.0,-0.0,-0.0027555704071953,1.0815922568048129,1.032120940943842,1.1476617030499798,1.0,-0.0027555704071953,0.0,0.0,-0.0027555704071953,1.1476617030499798,1.1476617030499798
2025-10-09,6735.10986328125,-0.0027555704071953,-0.0271116732114136,0,0,0.48271862,Bull,0.5009540730875889,1.0,0.0,0.0,-0.0,-0.0,-0.0,-0.0271116732114136,1.0815922568048129,1.032120940943842,1.1165466739996344,1.0,-0.0271116732114136,0.0,0.0,-0.0271116732114136,1.1165466739996344,1.1165466739996344
2025-10-10,6552.509765625,-0.0271116732114136,0.0155986717875575,1,1,0.5081866,Bull,1.264609578945898,0.5930684161234605,0.5930684161234605,0.0,0.0092510795706764,0.0086580111545529,0.0,0.0155986717875575,1.0915981528355416,1.0410570555633816,1.1339633191028438,1.0,0.0155986717875575,0.0,0.0,0.0155986717875575,1.1339633191028438,1.1339633191028438
2025-10-13,6654.72021484375,0.0155986717875575,-0.0015643266604626,0,1,0.6427633,Bull,1.3106798524711958,0.5722221170836853,0.5722221170836853,0.5722221170836853,-0.0008951423134603,-0.0009159886125001,-0.0008951423134603,-0.0015643266604626,1.090621017139643,1.0401034591555227,1.1321894300507849,1.0,-0.0015643266604626,0.0,0.0,-0.0015643266604626,1.1321894300507847,1.1321894300507847
2025-10-14,6644.31005859375,-0.0015643266604626,0.0040260011595036,1,1,0.53446364,Bull,1.2020837439781384,0.6239165979551253,0.6239165979551253,0.6239165979551253,0.0025118889468008,0.0024601944659294,0.0025118889468008,0.0040260011595036,1.093360536017745,1.0426623159297312,1.1367476260089469,1.0,0.0040260011595036,0.0,0.0,0.0040260011595036,1.1367476260089469,1.1367476260089469
2025-10-15,6671.06005859375,0.0040260011595036,-0.0062943870998294,0,0,0.39464554,Bull,1.108035117271783,0.6768738538239282,0.0,0.0,-0.0,-0.0006239165979551,-0.0,-0.0062943870998294,1.093360536017745,1.0420117816047605,1.1295924964160344,1.0,-0.0062943870998294,0.0,0.0,-0.0062943870998294,1.1295924964160344,1.1295924964160344
2025-10-16,6629.06982421875,-0.0062943870998294,0.0052707155502571,1,0,0.31423244,Bull,1.060998200848973,0.7068815002701012,0.0,0.0,0.0,0.0,0.0,0.0052707155502571,1.093360536017745,1.0420117816047605,1.1355462571523482,1.0,0.0052707155502571,0.0,0.0,0.0052707155502571,1.1355462571523482,1.1355462571523482
2025-10-17,6664.009765625,0.0052707155502571,0.0106722708532569,1,0,0.48379105,Bull,0.990846649502944,0.7569284312322557,0.0,0.0,0.0,0.0,0.0,0.0106722708532569,1.093360536017745,1.0420117816047605,1.1476651143750802,1.0,0.0106722708532569,0.0,0.0,0.0106722708532569,1.1476651143750802,1.1476651143750802
2025-10-20,6735.1298828125,0.0106722708532569,3.2696450934288634e-05,1,1,0.51379824,Bull,0.9965811263900758,0.752572951804467,0.752572951804467,0.0,2.460646459314752e-05,-0.0007279664872113,0.0,3.2696450934288634e-05,1.093387439755062,1.0412532319484726,1.1477026389511813,1.0,3.2696450934288634e-05,0.0,0.0,3.2696450934288634e-05,1.1477026389511813,1.1477026389511813
2025-10-21,6735.35009765625,3.2696450934288634e-05,-0.0053375392208654,0,0,0.3215954,Bull,0.9178334643859402,0.8171417028270743,0.0,0.0,-0.0,-0.0007525729518044,-0.0,-0.0053375392208654,1.093387439755062,1.0404696129301292,1.1415767311018885,1.0,-0.0053375392208654,0.0,0.0,-0.0053375392208654,1.1415767311018885,1.1415767311018885
2025-10-22,6699.39990234375,-0.0053375392208654,0.0058273934429324,1,0,0.30861324,Bull,0.8860730160728657,0.8464313734821196,0.0,0.0,0.0,0.0,0.0,0.0058273934429324,1.093387439755062,1.0404696129301292,1.1482291478593158,1.0,0.0058273934429324,0.0,0.0,0.0058273934429324,1.1482291478593158,1.1482291478593158
2025-10-23,6738.43994140625,0.0058273934429324,0.0079024225878738,1,0,0.3305805,Bull,0.8421351158570602,0.8905934283914854,0.0,0.0,0.0,0.0,0.0,0.0079024225878738,1.093387439755062,1.0404696129301292,1.1573029398134145,1.0,0.0079024225878738,0.0,0.0,0.0079024225878738,1.1573029398134145,1.1573029398134145
2025-10-24,6791.68994140625,0.0079024225878738,0.0122900508656711,1,0,0.41280544,Bull,0.8296201946506166,0.9040281382203484,0.0,0.0,0.0,0.0,0.0,0.0122900508656711,1.093387439755062,1.0404696129301292,1.171526251810712,1.0,0.0122900508656711,0.0,0.0,0.0122900508656711,1.1715262518107121,1.1715262518107121
2025-10-27,6875.16015625,0.0122900508656711,0.0022879438603986,1,1,0.54165477,Bull,0.8991215590655214,0.8341474992319092,0.8341474992319092,0.8341474992319092,0.0019084826495344,0.0010743351503025,0.0019084826495344,0.0022879438603986,1.0954741507130537,1.0415874260081217,1.1742066381058385,1.0,0.0022879438603986,0.0,0.0,0.0022879438603986,1.1742066381058383,1.1742066381058383
2025-10-28,6890.89013671875,0.0022879438603986,-4.3578255173426506e-05,0,0,0.16537087,Bull,0.8313406933211555,0.9021572094634218,0.0,0.0,-0.0,-0.0008341474992319,-0.0,-4.3578255173426506e-05,1.0954741507130537,1.0407185884614856,1.1741554682293365,1.0,-4.3578255173426506e-05,0.0,0.0,-4.3578255173426506e-05,1.1741554682293365,1.1741554682293365
2025-10-29,6890.58984375,-4.3578255173426506e-05,-0.0099048124395192,0,0,0.40762755,Bull,0.7701578693313791,0.9738263151827828,0.0,0.0,-0.0,-0.0,-0.0,-0.0099048124395192,1.0954741507130537,1.0407185884614856,1.162525678541689,1.0,-0.0099048124395192,0.0,0.0,-0.0099048124395192,1.162525678541689,1.162525678541689
2025-10-30,6822.33984375,-0.0099048124395192,0.0026179217059763,1,0,0.33113784,Bull,0.8452398898221767,0.8873220597264837,0.0,0.0,0.0,0.0,0.0,0.0026179217059763,1.0954741507130537,1.0407185884614856,1.165569079749298,1.0,0.0026179217059763,0.0,0.0,0.0026179217059763,1.1655690797492981,1.1655690797492981
2025-10-31,6840.2001953125,0.0026179217059763,0.0017207127269924,1,0,0.13095799,Bull,0.784430906145408,0.9561071524902084,0.0,0.0,0.0,0.0,0.0,0.0017207127269924,1.0954741507130537,1.0407185884614856,1.1675746892990118,1.0,0.0017207127269924,0.0,0.0,0.0017207127269924,1.1675746892990118,1.1675746892990118
2025-11-03,6851.97021484375,0.0017207127269924,-0.0117368300845838,0,0,0.1256342,Bull,0.7277802332399808,1.0,0.0,0.0,-0.0,-0.0,-0.0,-0.0117368300845838,1.0954741507130537,1.0407185884614856,1.1538710635596483,1.0,-0.0117368300845838,0.0,0.0,-0.0117368300845838,1.1538710635596485,1.1538710635596485
2025-11-04,6771.5498046875,-0.0117368300845838,0.0036535556982648,1,0,0.3342782,Bull,0.8576029823128262,0.8745305409005959,0.0,0.0,0.0,0.0,0.0,0.0036535556982648,1.0954741507130537,1.0407185884614856,1.1580867957589798,1.0,0.0036535556982648,0.0,0.0,0.0036535556982648,1.1580867957589798,1.1580867957589798
2025-11-05,6796.2900390625,0.0036535556982648,-0.011178189042419,0,0,0.47983277,Bull,0.8003994627982491,0.9370321131625337,0.0,0.0,-0.0,-0.0,-0.0,-0.011178189042419,1.0954741507130537,1.0407185884614856,1.1451414826284567,1.0,-0.011178189042419,0.0,0.0,-0.011178189042419,1.1451414826284567,1.1451414826284567
2025-11-06,6720.31982421875,-0.011178189042419,0.001261841800771,1,1,0.5456123,Bull,0.8960224998400411,0.8370325523453829,0.8370325523453829,0.8370325523453829,0.0010562026631554,0.00021917011081,0.0010562026631554,0.001261841800771,1.0966311934284547,1.0409466828698408,1.1465864700190342,1.0,0.001261841800771,0.0,0.0,0.001261841800771,1.1465864700190342,1.1465864700190342
2025-11-07,6728.7998046875,0.001261841800771,0.0154010186217099,1,0,0.30112618,Bull,0.8272799618176432,0.9065854784541754,0.0,0.0,0.0,-0.0008370325523453,0.0,0.0154010186217099,1.0966311934284547,1.040075376611023,1.164245069595198,1.0,0.0154010186217099,0.0,0.0,0.0154010186217099,1.164245069595198,1.164245069595198
2025-11-10,6832.43017578125,0.0154010186217099,0.0020753505173405,1,0,0.4388672,Bull,0.970428216815404,0.7728546913662816,0.0,0.0,0.0,0.0,0.0,0.0020753505173405,1.0966311934284547,1.040075376611023,1.1666612862026935,1.0,0.0020753505173405,0.0,0.0,0.0020753505173405,1.1666612862026935,1.1666612862026935
2025-11-11,6846.60986328125,0.0020753505173405,0.0006295171887717,1,0,0.41744828,Bull,0.8950477766298139,0.837944095927513,0.0,0.0,0.0,0.0,0.0,0.0006295171887717,1.0966311934284547,1.040075376611023,1.1673957195358329,1.0,0.0006295171887717,0.0,0.0,0.0006295171887717,1.1673957195358327,1.1673957195358327
2025-11-12,6850.919921875,0.0006295171887717,-0.0165568549615969,0,1,0.51179713,Bull,0.826682902647249,0.9072402460463488,0.9072402460463488,0.0,-0.0150210451691128,-0.0159282854151592,-0.0,-0.0165568549615969,1.0801586467381077,1.0235087591590832,1.148067317924689,1.0,-0.0165568549615969,0.0,0.0,-0.0165568549615969,1.148067317924689,1.148067317924689
2025-11-13,6737.490234375,-0.0165568549615969,-0.0005017255648851,0,0,0.29225788,Bull,1.0540525211194405,0.7115394963464193,0.0,0.0,-0.0,-0.0009072402460463,-0.0,-0.0005017255648851,1.0801586467381077,1.0225801908205931,1.147491303201077,1.0,-0.0005017255648851,0.0,0.0,-0.0005017255648851,1.147491303201077,1.147491303201077
2025-11-14,6734.10986328125,-0.0005017255648851,-0.0091622661768078,0,1,0.5018912,Bull,0.9711806062502992,0.7722559482481108,0.7722559482481108,0.0,-0.0070756145544723,-0.0078478705027204,-0.0,-0.0091622661768078,1.0725158604961085,1.014555113904386,1.1369776824455766,1.0,-0.0091622661768078,0.0,0.0,-0.0091622661768078,1.1369776824455766,1.1369776824455766
2025-11-17,6672.41015625,-0.0091622661768078,-0.0082564366909679,0,1,0.66151136,Bull,0.9880965930775129,0.7590351037078872,0.7590351037078872,0.7590351037078872,-0.0062669252799864,-0.0062801461245266,-0.0062669252799864,-0.0082564366909679,1.065794483736779,1.008183559537681,1.1275902981914214,1.0,-0.0082564366909679,0.0,0.0,-0.0082564366909679,1.1275902981914214,1.1275902981914214
2025-11-18,6617.31982421875,-0.0082564366909679,0.0037538357962292,1,0,0.48869023,Bull,0.9867705257388916,0.7600551297764004,0.0,0.0,0.0,-0.0007590351037078,0.0,0.0037538357962292,1.065794483736779,1.0074183128250105,1.1318230870162531,1.0,0.0037538357962292,0.0,0.0,0.0037538357962292,1.1318230870162531,1.1318230870162531
2025-11-19,6642.16015625,0.0037538357962292,-0.0155672835632704,0,1,0.59906244,Bull,0.916226536768539,0.8185748501076957,0.8185748501076957,0.8185748501076957,-0.012742986809388,-0.0135615616594957,-0.012742986809388,-0.0155672835632704,1.0522130786890027,0.993756147258729,1.114203676077215,1.0,-0.0155672835632704,0.0,0.0,-0.0155672835632704,1.114203676077215,1.114203676077215
2025-11-20,6538.759765625,-0.0155672835632704,0.0098230354153194,1,1,0.6138932,Bull,1.087066087750992,0.6899304545059068,0.6899304545059068,0.6899304545059068,0.0067772112887189,0.0066485668931171,0.0067772112887189,0.0098230354153194,1.0593441490440316,1.000363201479225,1.1251485382472006,1.0,0.0098230354153194,0.0,0.0,0.0098230354153194,1.1251485382472006,1.1251485382472006
2025-11-21,6602.990234375,0.0098230354153194,0.0154672170012934,1,1,0.70807654,Bull,1.0640310978205658,0.7048666167146904,0.7048666167146904,0.7048666167146904,0.0109023249176936,0.0108873887554848,0.0109023249176936,0.0154672170012934,1.0708934631565672,1.0112545445504106,1.1425514548469582,1.0,0.0154672170012934,0.0,0.0,0.0154672170012934,1.1425514548469582,1.1425514548469582
2025-11-24,6705.1201171875,0.0154672170012934,0.0090616968172205,1,1,0.6918278,Bull,1.1473976060436015,0.6536530981497444,0.6536530981497444,0.6536530981497444,0.0059232061990698,0.0058719926805049,0.0059232061990698,0.0090616968172205,1.0772365859560795,1.017192623834138,1.1529049097288555,1.0,0.0090616968172205,0.0,0.0,0.0090616968172205,1.1529049097288555,1.1529049097288555
2025-11-25,6765.8798828125,0.0090616968172205,0.0069067115110126,1,1,0.5978015,Bull,1.1051011580492247,0.6786709022402387,0.6786709022402387,0.6786709022402387,0.0046873841326919,0.0046623663286014,0.0046873841326919,0.0069067115110126,1.0822860076362455,1.021935148473204,1.160867691339983,1.0,0.0069067115110126,0.0,0.0,0.0069067115110126,1.1608676913399827,1.1608676913399827
2025-11-26,6812.60986328125,0.0069067115110126,0.0053547731634202,1,1,0.71275836,Bull,1.0444013801704657,0.7181147155106077,0.7181147155106077,0.7181147155106077,0.0038453414068733,0.0038058975936029,0.0038453414068733,0.0053547731634202,1.0864477668354888,1.0258245289955965,1.1670838744998515,1.0,0.0053547731634202,0.0,0.0,0.0053547731634202,1.1670838744998517,1.1670838744998517
2025-11-28,6849.08984375,0.0053547731634202,-0.0053233293429156,0,0,0.43581483,Bull,0.9775521601535168,0.7672224875266179,0.0,0.0,-0.0,-0.0007181147155106,-0.0,-0.0053233293429156,1.0864477668354888,1.025087869305793,1.160871102665083,1.0,-0.0053233293429156,0.0,0.0,-0.0053233293429156,1.160871102665083,1.160871102665083
2025-12-01,6812.6298828125,-0.0053233293429156,0.0024572352619998,1,1,0.5471065,Bull,0.9376049213548918,0.7999104771295439,0.7999104771295439,0.7999104771295439,0.0019655682308458,0.0011656577537162,0.0019655682308458,0.0024572352619998,1.088583254050454,1.0262827709288898,1.1637236360731884,1.0,0.0024572352619998,0.0,0.0,0.0024572352619998,1.1637236360731884,1.1637236360731884
2025-12-02,6829.3701171875,0.0024572352619998,0.0029797912994984,1,1,0.5483139,Bull,0.8668946697514648,0.8651570094611633,0.8651570094611633,0.8651570094611633,0.0025779873294924,0.0025127407971608,0.0025779873294924,0.0029797912994984,1.0913896078864935,1.028861553516826,1.16719128963898,1.0,0.0029797912994984,0.0,0.0,0.0029797912994984,1.16719128963898,1.16719128963898
2025-12-03,6849.72021484375,0.0029797912994984,0.0010803218396737,1,0,0.49815196,Bull,0.8053537353516967,0.9312677983327116,0.0,0.0,0.0,-0.0008651570094611,0.0,0.0010803218396737,1.0913896078864935,1.0279714267320357,1.168452231880254,1.0,0.0010803218396737,0.0,0.0,0.0010803218396737,1.168452231880254,1.168452231880254
2025-12-04,6857.1201171875,0.0010803218396737,0.001936641757662,1,0,0.35896152,Bull,0.7458005522404455,1.0,0.0,0.0,0.0,0.0,0.0,0.001936641757662,1.0913896078864935,1.0279714267320357,1.1707151052643467,1.0,0.001936641757662,0.0,0.0,0.001936641757662,1.1707151052643467,1.1707151052643467
2025-12-05,6870.39990234375,0.001936641757662,-0.003477255626794,0,0,0.44621286,Bull,0.6934115551080675,1.0,0.0,0.0,-0.0,-0.0,-0.0,-0.003477255626794,1.0913896078864935,1.0279714267320357,1.1666442295771935,1.0,-0.003477255626794,0.0,0.0,-0.003477255626794,1.1666442295771935,1.1666442295771935
2025-12-08,6846.509765625,-0.003477255626794,-0.0008763589340257,0,1,0.5335222,Bull,0.6718986408858282,1.0,1.0,1.0,-0.0008763589340257,-0.0018763589340257,-0.0008763589340257,-0.0008763589340257,1.0904331588531193,1.0260425833615638,1.165621830483774,1.0,-0.0008763589340257,0.0,0.0,-0.0008763589340257,1.165621830483774,1.165621830483774
2025-12-09,6840.509765625,-0.0008763589340257,0.0067495569392015,1,0,0.48614877,Bull,0.6312040969380256,1.0,0.0,0.0,0.0,-0.001,0.0,0.0067495569392015,1.0904331588531193,1.0250165407782024,1.1734892613982006,1.0,0.0067495569392015,0.0,0.0,0.0067495569392015,1.1734892613982006,1.1734892613982006
2025-12-10,6886.68017578125,0.0067495569392015,0.0020793508415142,1,0,0.33495384,Bull,0.6374850444607126,1.0,0.0,0.0,0.0,0.0,0.0,0.0020793508415142,1.0904331588531193,1.0250165407782024,1.175929357281397,1.0,0.0020793508415142,0.0,0.0,0.0020793508415142,1.175929357281397,1.175929357281397
2025-12-11,6901.0,0.0020793508415142,-0.010663649289958,0,0,0.3253525,Bull,0.5977638555228258,1.0,0.0,0.0,-0.0,-0.0,-0.0,-0.010663649289958,1.0904331588531193,1.0250165407782024,1.1633896590255823,1.0,-0.010663649289958,0.0,0.0,-0.010663649289958,1.1633896590255823,1.1633896590255823
2025-12-12,6827.41015625,-0.010663649289958,-0.0015965630269072,0,0,0.3527326,Bull,0.7408549546717355,1.0,0.0,0.0,-0.0,-0.0,-0.0,-0.0015965630269072,1.0904331588531193,1.0250165407782024,1.1615322341100958,1.0,-0.0015965630269072,0.0,0.0,-0.0015965630269072,1.1615322341100958,1.1615322341100958
2025-12-15,6816.509765625,-0.0015965630269072,-0.0023839179519623,0,0,0.42266837,Bull,0.696747315278163,1.0,0.0,0.0,-0.0,-0.0,-0.0,-0.0023839179519623,1.0904331588531193,1.0250165407782024,1.158763236565418,1.0,-0.0023839179519623,0.0,0.0,-0.0023839179519623,1.158763236565418,1.158763236565418
2025-12-16,6800.259765625,-0.0023839179519623,-0.0115921439122413,0,1,0.6858261,Bull,0.6639830061866635,1.0,1.0,1.0,-0.0115921439122413,-0.0125921439122413,-0.0115921439122413,-0.0115921439122413,1.077792700749014,1.0121093849842957,1.145330686366937,1.0,-0.0115921439122413,0.0,0.0,-0.0115921439122413,1.145330686366937,1.145330686366937
2025-12-17,6721.43017578125,-0.0115921439122413,0.0079342622699418,1,0,0.46515468,Bull,0.8087685358977865,0.9273357786692956,0.0,0.0,0.0,-0.001,0.0,0.0079342622699418,1.077792700749014,1.0110972755993113,1.1544180404183848,1.0,0.0079342622699418,0.0,0.0,0.0079342622699418,1.1544180404183848,1.1544180404183848
2025-12-18,6774.759765625,0.0079342622699418,0.0088180594503322,1,0,0.3977492,Bull,0.8024447765611828,0.934643756065145,0.0,0.0,0.0,0.0,0.0,0.0088180594503322,1.077792700749014,1.0110972755993113,1.1645977673293302,1.0,0.0088180594503322,0.0,0.0,0.0088180594503322,1.1645977673293302,1.1645977673293302
2025-12-19,6834.5,0.0088180594503322,0.0064364963603775,1,1,0.76536185,Bull,0.8109322737523103,0.9248614517826906,0.9248614517826906,0.9248614517826906,0.0059528673682527,0.00502800591647,0.0059528673682527,0.0064364963603775,1.0842086577470438,1.016181078683151,1.1720936966200493,1.0,0.0064364963603775,0.0,0.0,0.0064364963603775,1.1720936966200493,1.1720936966200493
2025-12-22,6878.490234375,0.0064364963603775,0.0045503887657032,1,1,0.5432072,Bull,0.7840826682519602,0.956531792332632,0.956531792332632,0.956531792332632,0.0043525915218683,0.0043209211813184,0.0043525915218683,0.0045503887657032,1.0889277751586897,1.0205719170300884,1.1774271786095007,1.0,0.0045503887657032,0.0,0.0,0.0045503887657032,1.1774271786095007,1.1774271786095007
2025-12-23,6909.7900390625,0.0045503887657032,0.0032214822012188,1,1,0.5366269,Bull,0.7418721870357744,1.0,1.0,1.0,0.0032214822012188,0.0031780139935514,0.0032214822012188,0.0032214822012188,1.0924357366047763,1.0238153088638355,1.1812202393086226,1.0,0.0032214822012188,0.0,0.0,0.0032214822012188,1.1812202393086226,1.1812202393086226
2025-12-24,6932.0498046875,0.0032214822012188,-0.0003043635491226,0,1,0.5491694,Bull,0.6956893975114994,1.0,1.0,1.0,-0.0003043635491226,-0.0003043635491226,-0.0003043635491226,-0.0003043635491226,1.092103238986795,1.0235036968027835,1.1808607189242912,1.0,-0.0003043635491226,0.0,0.0,-0.0003043635491226,1.1808607189242912,1.1808607189242912
2025-12-26,6929.93994140625,-0.0003043635491226,-0.0034920514803681,0,1,0.53845054,Bull,0.650677442418362,1.0,1.0,1.0,-0.0034920514803681,-0.0034920514803681,-0.0034920514803681,-0.0034920514803681,1.0882895582543763,1.019929569203201,1.176737092502663,1.0,-0.0034920514803681,0.0,0.0,-0.0034920514803681,1.176737092502663,1.176737092502663
2025-12-29,6905.740234375,-0.0034920514803681,-0.0013756671519022,0,0,0.41159406,Bull,0.6359616263582937,1.0,0.0,0.0,-0.0,-0.001,-0.0,-0.0013756671519022,1.0882895582543763,1.018909639633998,1.1751182939380822,1.0,-0.0013756671519022,0.0,0.0,-0.0013756671519022,1.1751182939380822,1.1751182939380822
